source,model,model_type,init_date,target_month,lead_months,nino34_anom,tropical_mean_anom,roni_anom,member_id,temporal_resolution,anomaly_base_period
NMME,NCEP-CFSv2,dynamical,2026-06-01,2026-06,0,1.3057,0.6886,0.617,ens_001,monthly,model-specific
NMME,NCEP-CFSv2,dynamical,2026-06-01,2026-07,1,1.8595,0.7281,1.1314,ens_001,monthly,model-specific
NMME,NCEP-CFSv2,dynamical,2026-06-01,2026-08,2,2.6869,0.8939,1.793,ens_001,monthly,model-specific
NMME,NCEP-CFSv2,dynamical,2026-06-01,2026-09,3,3.0907,0.8935,2.1972,ens_001,monthly,model-specific
NMME,NCEP-CFSv2,dynamical,2026-06-01,2026-10,4,3.3698,1.004,2.3658,ens_001,monthly,model-specific
NMME,NCEP-CFSv2,dynamical,2026-06-01,2026-11,5,3.569,1.0354,2.5337,ens_001,monthly,model-specific
NMME,NCEP-CFSv2,dynamical,2026-06-01,2026-12,6,3.0962,0.9601,2.1361,ens_001,monthly,model-specific
NMME,NCEP-CFSv2,dynamical,2026-06-01,2027-01,7,2.7567,0.9915,1.7652,ens_001,monthly,model-specific
NMME,NCEP-CFSv2,dynamical,2026-06-01,2027-02,8,2.2797,0.9534,1.3263,ens_001,monthly,model-specific
NMME,NCEP-CFSv2,dynamical,2026-06-01,2026-06,0,1.4228,0.6579,0.7649,ens_002,monthly,model-specific
NMME,NCEP-CFSv2,dynamical,2026-06-01,2026-07,1,2.1608,0.7891,1.3716,ens_002,monthly,model-specific
NMME,NCEP-CFSv2,dynamical,2026-06-01,2026-08,2,2.9275,0.9572,1.9704,ens_002,monthly,model-specific
NMME,NCEP-CFSv2,dynamical,2026-06-01,2026-09,3,3.092,0.9924,2.0995,ens_002,monthly,model-specific
NMME,NCEP-CFSv2,dynamical,2026-06-01,2026-10,4,3.5654,1.0156,2.5498,ens_002,monthly,model-specific
NMME,NCEP-CFSv2,dynamical,2026-06-01,2026-11,5,3.503,1.1616,2.3414,ens_002,monthly,model-specific
NMME,NCEP-CFSv2,dynamical,2026-06-01,2026-12,6,3.3565,1.1107,2.2458,ens_002,monthly,model-specific
NMME,NCEP-CFSv2,dynamical,2026-06-01,2027-01,7,2.9096,1.0057,1.9039,ens_002,monthly,model-specific
NMME,NCEP-CFSv2,dynamical,2026-06-01,2027-02,8,2.0897,1.0691,1.0206,ens_002,monthly,model-specific
NMME,NCEP-CFSv2,dynamical,2026-06-01,2026-06,0,1.3937,0.7358,0.658,ens_003,monthly,model-specific
NMME,NCEP-CFSv2,dynamical,2026-06-01,2026-07,1,2.001,0.8281,1.1728,ens_003,monthly,model-specific
NMME,NCEP-CFSv2,dynamical,2026-06-01,2026-08,2,2.5049,0.879,1.6258,ens_003,monthly,model-specific
NMME,NCEP-CFSv2,dynamical,2026-06-01,2026-09,3,2.7004,0.9057,1.7948,ens_003,monthly,model-specific
NMME,NCEP-CFSv2,dynamical,2026-06-01,2026-10,4,3.116,1.0283,2.0877,ens_003,monthly,model-specific
NMME,NCEP-CFSv2,dynamical,2026-06-01,2026-11,5,3.7084,1.1038,2.6046,ens_003,monthly,model-specific
NMME,NCEP-CFSv2,dynamical,2026-06-01,2026-12,6,3.4892,1.0335,2.4557,ens_003,monthly,model-specific
NMME,NCEP-CFSv2,dynamical,2026-06-01,2027-01,7,2.8883,1.0947,1.7937,ens_003,monthly,model-specific
NMME,NCEP-CFSv2,dynamical,2026-06-01,2027-02,8,2.6829,1.1253,1.5576,ens_003,monthly,model-specific
NMME,NCEP-CFSv2,dynamical,2026-06-01,2026-06,0,1.2073,0.9097,0.2975,ens_004,monthly,model-specific
NMME,NCEP-CFSv2,dynamical,2026-06-01,2026-07,1,2.3434,1.2104,1.133,ens_004,monthly,model-specific
NMME,NCEP-CFSv2,dynamical,2026-06-01,2026-08,2,3.0827,0.8879,2.1948,ens_004,monthly,model-specific
NMME,NCEP-CFSv2,dynamical,2026-06-01,2026-09,3,2.978,0.7259,2.2521,ens_004,monthly,model-specific
NMME,NCEP-CFSv2,dynamical,2026-06-01,2026-10,4,2.5752,0.8686,1.7066,ens_004,monthly,model-specific
NMME,NCEP-CFSv2,dynamical,2026-06-01,2026-11,5,2.8781,1.0772,1.8009,ens_004,monthly,model-specific
NMME,NCEP-CFSv2,dynamical,2026-06-01,2026-12,6,2.6463,1.1546,1.4918,ens_004,monthly,model-specific
NMME,NCEP-CFSv2,dynamical,2026-06-01,2027-01,7,2.7723,0.9099,1.8624,ens_004,monthly,model-specific
NMME,NCEP-CFSv2,dynamical,2026-06-01,2027-02,8,2.3209,0.7269,1.5941,ens_004,monthly,model-specific
NMME,NCEP-CFSv2,dynamical,2026-06-01,2026-06,0,1.3589,0.6882,0.6707,ens_005,monthly,model-specific
NMME,NCEP-CFSv2,dynamical,2026-06-01,2026-07,1,1.9461,0.7298,1.2163,ens_005,monthly,model-specific
NMME,NCEP-CFSv2,dynamical,2026-06-01,2026-08,2,2.8123,0.966,1.8463,ens_005,monthly,model-specific
NMME,NCEP-CFSv2,dynamical,2026-06-01,2026-09,3,2.9438,0.984,1.9598,ens_005,monthly,model-specific
NMME,NCEP-CFSv2,dynamical,2026-06-01,2026-10,4,3.4197,0.9529,2.4668,ens_005,monthly,model-specific
NMME,NCEP-CFSv2,dynamical,2026-06-01,2026-11,5,3.6027,0.9985,2.6042,ens_005,monthly,model-specific
NMME,NCEP-CFSv2,dynamical,2026-06-01,2026-12,6,3.1905,1.0992,2.0914,ens_005,monthly,model-specific
NMME,NCEP-CFSv2,dynamical,2026-06-01,2027-01,7,2.7964,1.1341,1.6623,ens_005,monthly,model-specific
NMME,NCEP-CFSv2,dynamical,2026-06-01,2027-02,8,2.0189,1.1448,0.8741,ens_005,monthly,model-specific
NMME,NCEP-CFSv2,dynamical,2026-06-01,2026-06,0,1.3833,0.7214,0.6619,ens_006,monthly,model-specific
NMME,NCEP-CFSv2,dynamical,2026-06-01,2026-07,1,2.1651,0.8333,1.3317,ens_006,monthly,model-specific
NMME,NCEP-CFSv2,dynamical,2026-06-01,2026-08,2,2.9199,0.9992,1.9207,ens_006,monthly,model-specific
NMME,NCEP-CFSv2,dynamical,2026-06-01,2026-09,3,3.1679,0.9772,2.1906,ens_006,monthly,model-specific
NMME,NCEP-CFSv2,dynamical,2026-06-01,2026-10,4,3.3754,0.9632,2.4122,ens_006,monthly,model-specific
NMME,NCEP-CFSv2,dynamical,2026-06-01,2026-11,5,3.6854,1.1065,2.5789,ens_006,monthly,model-specific
NMME,NCEP-CFSv2,dynamical,2026-06-01,2026-12,6,3.5878,1.1037,2.4841,ens_006,monthly,model-specific
NMME,NCEP-CFSv2,dynamical,2026-06-01,2027-01,7,2.907,1.0907,1.8162,ens_006,monthly,model-specific
NMME,NCEP-CFSv2,dynamical,2026-06-01,2027-02,8,2.625,1.1182,1.5068,ens_006,monthly,model-specific
NMME,NCEP-CFSv2,dynamical,2026-06-01,2026-06,0,1.3756,0.6945,0.6811,ens_007,monthly,model-specific
NMME,NCEP-CFSv2,dynamical,2026-06-01,2026-07,1,2.0264,0.8669,1.1595,ens_007,monthly,model-specific
NMME,NCEP-CFSv2,dynamical,2026-06-01,2026-08,2,2.7642,1.0177,1.7465,ens_007,monthly,model-specific
NMME,NCEP-CFSv2,dynamical,2026-06-01,2026-09,3,3.0798,1.0797,2.0,ens_007,monthly,model-specific
NMME,NCEP-CFSv2,dynamical,2026-06-01,2026-10,4,3.2257,1.0651,2.1606,ens_007,monthly,model-specific
NMME,NCEP-CFSv2,dynamical,2026-06-01,2026-11,5,3.4517,1.1992,2.2525,ens_007,monthly,model-specific
NMME,NCEP-CFSv2,dynamical,2026-06-01,2026-12,6,3.4624,1.1889,2.2736,ens_007,monthly,model-specific
NMME,NCEP-CFSv2,dynamical,2026-06-01,2027-01,7,2.8442,1.1287,1.7155,ens_007,monthly,model-specific
NMME,NCEP-CFSv2,dynamical,2026-06-01,2027-02,8,2.7146,1.0258,1.6888,ens_007,monthly,model-specific
NMME,NCEP-CFSv2,dynamical,2026-06-01,2026-06,0,1.3567,0.6902,0.6665,ens_008,monthly,model-specific
NMME,NCEP-CFSv2,dynamical,2026-06-01,2026-07,1,1.7982,0.8115,0.9868,ens_008,monthly,model-specific
NMME,NCEP-CFSv2,dynamical,2026-06-01,2026-08,2,2.7755,0.9914,1.7841,ens_008,monthly,model-specific
NMME,NCEP-CFSv2,dynamical,2026-06-01,2026-09,3,2.8757,0.9134,1.9624,ens_008,monthly,model-specific
NMME,NCEP-CFSv2,dynamical,2026-06-01,2026-10,4,3.4684,1.0334,2.435,ens_008,monthly,model-specific
NMME,NCEP-CFSv2,dynamical,2026-06-01,2026-11,5,3.7552,1.117,2.6381,ens_008,monthly,model-specific
NMME,NCEP-CFSv2,dynamical,2026-06-01,2026-12,6,3.256,1.1396,2.1164,ens_008,monthly,model-specific
NMME,NCEP-CFSv2,dynamical,2026-06-01,2027-01,7,2.7065,1.1868,1.5197,ens_008,monthly,model-specific
NMME,NCEP-CFSv2,dynamical,2026-06-01,2027-02,8,2.4401,1.1922,1.2478,ens_008,monthly,model-specific
NMME,NCEP-CFSv2,dynamical,2026-06-01,2026-06,0,1.3274,0.7383,0.5892,ens_009,monthly,model-specific
NMME,NCEP-CFSv2,dynamical,2026-06-01,2026-07,1,2.0426,0.7667,1.2759,ens_009,monthly,model-specific
NMME,NCEP-CFSv2,dynamical,2026-06-01,2026-08,2,2.8971,0.8642,2.0329,ens_009,monthly,model-specific
NMME,NCEP-CFSv2,dynamical,2026-06-01,2026-09,3,3.4296,0.9767,2.453,ens_009,monthly,model-specific
NMME,NCEP-CFSv2,dynamical,2026-06-01,2026-10,4,3.806,1.0863,2.7197,ens_009,monthly,model-specific
NMME,NCEP-CFSv2,dynamical,2026-06-01,2026-11,5,4.4822,1.1044,3.3779,ens_009,monthly,model-specific
NMME,NCEP-CFSv2,dynamical,2026-06-01,2026-12,6,3.5588,1.2041,2.3547,ens_009,monthly,model-specific
NMME,NCEP-CFSv2,dynamical,2026-06-01,2027-01,7,2.9316,1.2426,1.689,ens_009,monthly,model-specific
NMME,NCEP-CFSv2,dynamical,2026-06-01,2027-02,8,2.261,1.3129,0.9481,ens_009,monthly,model-specific
NMME,NCEP-CFSv2,dynamical,2026-06-01,2026-06,0,1.3049,0.7286,0.5764,ens_010,monthly,model-specific
NMME,NCEP-CFSv2,dynamical,2026-06-01,2026-07,1,1.9729,0.7829,1.1901,ens_010,monthly,model-specific
NMME,NCEP-CFSv2,dynamical,2026-06-01,2026-08,2,2.7148,1.0115,1.7034,ens_010,monthly,model-specific
NMME,NCEP-CFSv2,dynamical,2026-06-01,2026-09,3,2.8758,1.1023,1.7735,ens_010,monthly,model-specific
NMME,NCEP-CFSv2,dynamical,2026-06-01,2026-10,4,2.9146,1.2467,1.6679,ens_010,monthly,model-specific
NMME,NCEP-CFSv2,dynamical,2026-06-01,2026-11,5,3.1377,1.1206,2.0171,ens_010,monthly,model-specific
NMME,NCEP-CFSv2,dynamical,2026-06-01,2026-12,6,2.8478,1.0472,1.8006,ens_010,monthly,model-specific
NMME,NCEP-CFSv2,dynamical,2026-06-01,2027-01,7,2.456,1.1058,1.3502,ens_010,monthly,model-specific
NMME,NCEP-CFSv2,dynamical,2026-06-01,2027-02,8,2.3564,1.0761,1.2803,ens_010,monthly,model-specific
NMME,NCEP-CFSv2,dynamical,2026-06-01,2026-06,0,1.37,0.692,0.678,ens_011,monthly,model-specific
NMME,NCEP-CFSv2,dynamical,2026-06-01,2026-07,1,2.0467,0.811,1.2358,ens_011,monthly,model-specific
NMME,NCEP-CFSv2,dynamical,2026-06-01,2026-08,2,2.9248,0.9582,1.9666,ens_011,monthly,model-specific
NMME,NCEP-CFSv2,dynamical,2026-06-01,2026-09,3,3.0823,1.0183,2.064,ens_011,monthly,model-specific
NMME,NCEP-CFSv2,dynamical,2026-06-01,2026-10,4,3.3968,1.0138,2.383,ens_011,monthly,model-specific
NMME,NCEP-CFSv2,dynamical,2026-06-01,2026-11,5,3.6669,1.1353,2.5317,ens_011,monthly,model-specific
NMME,NCEP-CFSv2,dynamical,2026-06-01,2026-12,6,3.224,1.2262,1.9978,ens_011,monthly,model-specific
NMME,NCEP-CFSv2,dynamical,2026-06-01,2027-01,7,2.8763,1.0975,1.7788,ens_011,monthly,model-specific
NMME,NCEP-CFSv2,dynamical,2026-06-01,2027-02,8,2.3112,1.1786,1.1325,ens_011,monthly,model-specific
NMME,NCEP-CFSv2,dynamical,2026-06-01,2026-06,0,1.3054,0.7086,0.5968,ens_012,monthly,model-specific
NMME,NCEP-CFSv2,dynamical,2026-06-01,2026-07,1,2.0645,0.7437,1.3209,ens_012,monthly,model-specific
NMME,NCEP-CFSv2,dynamical,2026-06-01,2026-08,2,2.7386,0.9225,1.8161,ens_012,monthly,model-specific
NMME,NCEP-CFSv2,dynamical,2026-06-01,2026-09,3,3.1084,0.9991,2.1093,ens_012,monthly,model-specific
NMME,NCEP-CFSv2,dynamical,2026-06-01,2026-10,4,3.6982,1.1928,2.5054,ens_012,monthly,model-specific
NMME,NCEP-CFSv2,dynamical,2026-06-01,2026-11,5,3.7072,1.1181,2.5891,ens_012,monthly,model-specific
NMME,NCEP-CFSv2,dynamical,2026-06-01,2026-12,6,3.0471,1.0122,2.0349,ens_012,monthly,model-specific
NMME,NCEP-CFSv2,dynamical,2026-06-01,2027-01,7,2.5499,1.0976,1.4523,ens_012,monthly,model-specific
NMME,NCEP-CFSv2,dynamical,2026-06-01,2027-02,8,2.6181,1.1461,1.472,ens_012,monthly,model-specific
NMME,NCEP-CFSv2,dynamical,2026-06-01,2026-06,0,1.3134,0.7116,0.6018,ens_013,monthly,model-specific
NMME,NCEP-CFSv2,dynamical,2026-06-01,2026-07,1,1.97,0.6876,1.2824,ens_013,monthly,model-specific
NMME,NCEP-CFSv2,dynamical,2026-06-01,2026-08,2,2.6147,0.8708,1.7439,ens_013,monthly,model-specific
NMME,NCEP-CFSv2,dynamical,2026-06-01,2026-09,3,3.0888,0.9319,2.1569,ens_013,monthly,model-specific
NMME,NCEP-CFSv2,dynamical,2026-06-01,2026-10,4,3.3716,1.0384,2.3332,ens_013,monthly,model-specific
NMME,NCEP-CFSv2,dynamical,2026-06-01,2026-11,5,3.3543,1.1754,2.179,ens_013,monthly,model-specific
NMME,NCEP-CFSv2,dynamical,2026-06-01,2026-12,6,3.3439,1.2132,2.1307,ens_013,monthly,model-specific
NMME,NCEP-CFSv2,dynamical,2026-06-01,2027-01,7,3.1215,1.1035,2.0181,ens_013,monthly,model-specific
NMME,NCEP-CFSv2,dynamical,2026-06-01,2027-02,8,2.2633,1.0828,1.1805,ens_013,monthly,model-specific
NMME,NCEP-CFSv2,dynamical,2026-06-01,2026-06,0,1.2922,0.6921,0.6001,ens_014,monthly,model-specific
NMME,NCEP-CFSv2,dynamical,2026-06-01,2026-07,1,1.9519,0.6945,1.2575,ens_014,monthly,model-specific
NMME,NCEP-CFSv2,dynamical,2026-06-01,2026-08,2,2.454,0.8068,1.6472,ens_014,monthly,model-specific
NMME,NCEP-CFSv2,dynamical,2026-06-01,2026-09,3,2.8926,0.9234,1.9692,ens_014,monthly,model-specific
NMME,NCEP-CFSv2,dynamical,2026-06-01,2026-10,4,3.0403,1.0351,2.0052,ens_014,monthly,model-specific
NMME,NCEP-CFSv2,dynamical,2026-06-01,2026-11,5,3.4996,1.0664,2.4332,ens_014,monthly,model-specific
NMME,NCEP-CFSv2,dynamical,2026-06-01,2026-12,6,2.8599,1.0798,1.7801,ens_014,monthly,model-specific
NMME,NCEP-CFSv2,dynamical,2026-06-01,2027-01,7,2.6717,0.9077,1.764,ens_014,monthly,model-specific
NMME,NCEP-CFSv2,dynamical,2026-06-01,2027-02,8,2.0637,1.0053,1.0584,ens_014,monthly,model-specific
NMME,NCEP-CFSv2,dynamical,2026-06-01,2026-06,0,1.3193,0.714,0.6053,ens_015,monthly,model-specific
NMME,NCEP-CFSv2,dynamical,2026-06-01,2026-07,1,2.0183,0.8367,1.1816,ens_015,monthly,model-specific
NMME,NCEP-CFSv2,dynamical,2026-06-01,2026-08,2,2.8773,0.979,1.8983,ens_015,monthly,model-specific
NMME,NCEP-CFSv2,dynamical,2026-06-01,2026-09,3,3.1299,1.1082,2.0217,ens_015,monthly,model-specific
NMME,NCEP-CFSv2,dynamical,2026-06-01,2026-10,4,3.6167,1.0557,2.561,ens_015,monthly,model-specific
NMME,NCEP-CFSv2,dynamical,2026-06-01,2026-11,5,4.0212,1.0959,2.9252,ens_015,monthly,model-specific
NMME,NCEP-CFSv2,dynamical,2026-06-01,2026-12,6,3.6856,1.1536,2.532,ens_015,monthly,model-specific
NMME,NCEP-CFSv2,dynamical,2026-06-01,2027-01,7,3.0861,1.2193,1.8668,ens_015,monthly,model-specific
NMME,NCEP-CFSv2,dynamical,2026-06-01,2027-02,8,2.5466,1.2128,1.3338,ens_015,monthly,model-specific
NMME,NCEP-CFSv2,dynamical,2026-06-01,2026-06,0,1.3328,0.7272,0.6056,ens_016,monthly,model-specific
NMME,NCEP-CFSv2,dynamical,2026-06-01,2026-07,1,2.1952,0.782,1.4132,ens_016,monthly,model-specific
NMME,NCEP-CFSv2,dynamical,2026-06-01,2026-08,2,3.1511,0.972,2.1791,ens_016,monthly,model-specific
NMME,NCEP-CFSv2,dynamical,2026-06-01,2026-09,3,3.2842,1.0996,2.1846,ens_016,monthly,model-specific
NMME,NCEP-CFSv2,dynamical,2026-06-01,2026-10,4,3.7717,1.1081,2.6636,ens_016,monthly,model-specific
NMME,NCEP-CFSv2,dynamical,2026-06-01,2026-11,5,3.9801,1.1986,2.7815,ens_016,monthly,model-specific
NMME,NCEP-CFSv2,dynamical,2026-06-01,2026-12,6,3.8982,1.1975,2.7007,ens_016,monthly,model-specific
NMME,NCEP-CFSv2,dynamical,2026-06-01,2027-01,7,3.0793,1.1535,1.9258,ens_016,monthly,model-specific
NMME,NCEP-CFSv2,dynamical,2026-06-01,2027-02,8,2.6467,1.2366,1.4101,ens_016,monthly,model-specific
NMME,NCEP-CFSv2,dynamical,2026-06-01,2026-06,0,1.2796,0.6781,0.6015,ens_017,monthly,model-specific
NMME,NCEP-CFSv2,dynamical,2026-06-01,2026-07,1,1.8404,0.7825,1.058,ens_017,monthly,model-specific
NMME,NCEP-CFSv2,dynamical,2026-06-01,2026-08,2,2.3092,0.8318,1.4774,ens_017,monthly,model-specific
NMME,NCEP-CFSv2,dynamical,2026-06-01,2026-09,3,2.5065,0.9432,1.5632,ens_017,monthly,model-specific
NMME,NCEP-CFSv2,dynamical,2026-06-01,2026-10,4,2.7148,1.0318,1.6829,ens_017,monthly,model-specific
NMME,NCEP-CFSv2,dynamical,2026-06-01,2026-11,5,3.0185,0.9536,2.0649,ens_017,monthly,model-specific
NMME,NCEP-CFSv2,dynamical,2026-06-01,2026-12,6,2.969,0.9949,1.9741,ens_017,monthly,model-specific
NMME,NCEP-CFSv2,dynamical,2026-06-01,2027-01,7,2.666,0.9892,1.6768,ens_017,monthly,model-specific
NMME,NCEP-CFSv2,dynamical,2026-06-01,2027-02,8,2.3646,1.0528,1.3118,ens_017,monthly,model-specific
NMME,NCEP-CFSv2,dynamical,2026-06-01,2026-06,0,1.2815,0.6625,0.619,ens_018,monthly,model-specific
NMME,NCEP-CFSv2,dynamical,2026-06-01,2026-07,1,2.0069,0.7647,1.2423,ens_018,monthly,model-specific
NMME,NCEP-CFSv2,dynamical,2026-06-01,2026-08,2,2.4454,0.8176,1.6278,ens_018,monthly,model-specific
NMME,NCEP-CFSv2,dynamical,2026-06-01,2026-09,3,2.6829,0.8894,1.7934,ens_018,monthly,model-specific
NMME,NCEP-CFSv2,dynamical,2026-06-01,2026-10,4,2.9773,0.9792,1.9981,ens_018,monthly,model-specific
NMME,NCEP-CFSv2,dynamical,2026-06-01,2026-11,5,3.2262,1.0903,2.1358,ens_018,monthly,model-specific
NMME,NCEP-CFSv2,dynamical,2026-06-01,2026-12,6,3.2834,1.102,2.1815,ens_018,monthly,model-specific
NMME,NCEP-CFSv2,dynamical,2026-06-01,2027-01,7,2.8392,1.0525,1.7867,ens_018,monthly,model-specific
NMME,NCEP-CFSv2,dynamical,2026-06-01,2027-02,8,2.6759,1.18,1.4959,ens_018,monthly,model-specific
NMME,NCEP-CFSv2,dynamical,2026-06-01,2026-06,0,1.3093,0.6581,0.6513,ens_019,monthly,model-specific
NMME,NCEP-CFSv2,dynamical,2026-06-01,2026-07,1,1.95,0.7009,1.2491,ens_019,monthly,model-specific
NMME,NCEP-CFSv2,dynamical,2026-06-01,2026-08,2,2.504,0.8128,1.6912,ens_019,monthly,model-specific
NMME,NCEP-CFSv2,dynamical,2026-06-01,2026-09,3,2.9314,1.0451,1.8863,ens_019,monthly,model-specific
NMME,NCEP-CFSv2,dynamical,2026-06-01,2026-10,4,3.2351,1.1671,2.068,ens_019,monthly,model-specific
NMME,NCEP-CFSv2,dynamical,2026-06-01,2026-11,5,3.8253,1.112,2.7133,ens_019,monthly,model-specific
NMME,NCEP-CFSv2,dynamical,2026-06-01,2026-12,6,3.3426,1.0756,2.2671,ens_019,monthly,model-specific
NMME,NCEP-CFSv2,dynamical,2026-06-01,2027-01,7,2.9578,1.2162,1.7416,ens_019,monthly,model-specific
NMME,NCEP-CFSv2,dynamical,2026-06-01,2027-02,8,2.1815,1.2261,0.9554,ens_019,monthly,model-specific
NMME,NCEP-CFSv2,dynamical,2026-06-01,2026-06,0,1.3196,0.6528,0.6668,ens_020,monthly,model-specific
NMME,NCEP-CFSv2,dynamical,2026-06-01,2026-07,1,1.9189,0.6809,1.238,ens_020,monthly,model-specific
NMME,NCEP-CFSv2,dynamical,2026-06-01,2026-08,2,2.7326,0.9348,1.7978,ens_020,monthly,model-specific
NMME,NCEP-CFSv2,dynamical,2026-06-01,2026-09,3,2.8048,1.0065,1.7983,ens_020,monthly,model-specific
NMME,NCEP-CFSv2,dynamical,2026-06-01,2026-10,4,3.1802,1.037,2.1432,ens_020,monthly,model-specific
NMME,NCEP-CFSv2,dynamical,2026-06-01,2026-11,5,3.5883,1.0868,2.5015,ens_020,monthly,model-specific
NMME,NCEP-CFSv2,dynamical,2026-06-01,2026-12,6,3.343,1.1132,2.2298,ens_020,monthly,model-specific
NMME,NCEP-CFSv2,dynamical,2026-06-01,2027-01,7,2.9043,1.1787,1.7256,ens_020,monthly,model-specific
NMME,NCEP-CFSv2,dynamical,2026-06-01,2027-02,8,2.7124,1.3351,1.3773,ens_020,monthly,model-specific
NMME,NCEP-CFSv2,dynamical,2026-06-01,2026-06,0,1.3006,0.6911,0.6095,ens_021,monthly,model-specific
NMME,NCEP-CFSv2,dynamical,2026-06-01,2026-07,1,1.819,0.8018,1.0173,ens_021,monthly,model-specific
NMME,NCEP-CFSv2,dynamical,2026-06-01,2026-08,2,2.2019,0.8075,1.3944,ens_021,monthly,model-specific
NMME,NCEP-CFSv2,dynamical,2026-06-01,2026-09,3,2.3371,0.8253,1.5118,ens_021,monthly,model-specific
NMME,NCEP-CFSv2,dynamical,2026-06-01,2026-10,4,2.6174,0.9386,1.6788,ens_021,monthly,model-specific
NMME,NCEP-CFSv2,dynamical,2026-06-01,2026-11,5,2.8622,0.9967,1.8654,ens_021,monthly,model-specific
NMME,NCEP-CFSv2,dynamical,2026-06-01,2026-12,6,2.2786,0.9724,1.3062,ens_021,monthly,model-specific
NMME,NCEP-CFSv2,dynamical,2026-06-01,2027-01,7,2.0261,0.8821,1.144,ens_021,monthly,model-specific
NMME,NCEP-CFSv2,dynamical,2026-06-01,2027-02,8,2.1301,0.7973,1.3327,ens_021,monthly,model-specific
NMME,NCEP-CFSv2,dynamical,2026-06-01,2026-06,0,1.2861,0.6684,0.6178,ens_022,monthly,model-specific
NMME,NCEP-CFSv2,dynamical,2026-06-01,2026-07,1,1.9538,0.7645,1.1893,ens_022,monthly,model-specific
NMME,NCEP-CFSv2,dynamical,2026-06-01,2026-08,2,2.8741,0.9823,1.8917,ens_022,monthly,model-specific
NMME,NCEP-CFSv2,dynamical,2026-06-01,2026-09,3,3.0273,1.104,1.9233,ens_022,monthly,model-specific
NMME,NCEP-CFSv2,dynamical,2026-06-01,2026-10,4,3.3714,1.166,2.2054,ens_022,monthly,model-specific
NMME,NCEP-CFSv2,dynamical,2026-06-01,2026-11,5,3.7294,1.1272,2.6022,ens_022,monthly,model-specific
NMME,NCEP-CFSv2,dynamical,2026-06-01,2026-12,6,3.1834,1.1735,2.0099,ens_022,monthly,model-specific
NMME,NCEP-CFSv2,dynamical,2026-06-01,2027-01,7,2.614,0.9603,1.6537,ens_022,monthly,model-specific
NMME,NCEP-CFSv2,dynamical,2026-06-01,2027-02,8,2.2572,0.9333,1.3239,ens_022,monthly,model-specific
NMME,NCEP-CFSv2,dynamical,2026-06-01,2026-06,0,1.3298,0.6922,0.6376,ens_023,monthly,model-specific
NMME,NCEP-CFSv2,dynamical,2026-06-01,2026-07,1,1.993,0.8255,1.1675,ens_023,monthly,model-specific
NMME,NCEP-CFSv2,dynamical,2026-06-01,2026-08,2,2.4722,0.9703,1.5018,ens_023,monthly,model-specific
NMME,NCEP-CFSv2,dynamical,2026-06-01,2026-09,3,3.0166,0.9212,2.0954,ens_023,monthly,model-specific
NMME,NCEP-CFSv2,dynamical,2026-06-01,2026-10,4,3.4656,1.084,2.3815,ens_023,monthly,model-specific
NMME,NCEP-CFSv2,dynamical,2026-06-01,2026-11,5,3.7822,1.1294,2.6528,ens_023,monthly,model-specific
NMME,NCEP-CFSv2,dynamical,2026-06-01,2026-12,6,3.6161,1.15,2.4661,ens_023,monthly,model-specific
NMME,NCEP-CFSv2,dynamical,2026-06-01,2027-01,7,3.2473,1.1977,2.0496,ens_023,monthly,model-specific
NMME,NCEP-CFSv2,dynamical,2026-06-01,2027-02,8,2.5808,1.2508,1.3301,ens_023,monthly,model-specific
NMME,NCEP-CFSv2,dynamical,2026-06-01,2026-06,0,1.2796,0.6475,0.6321,ens_024,monthly,model-specific
NMME,NCEP-CFSv2,dynamical,2026-06-01,2026-07,1,1.8652,0.8112,1.0539,ens_024,monthly,model-specific
NMME,NCEP-CFSv2,dynamical,2026-06-01,2026-08,2,2.2753,0.9608,1.3145,ens_024,monthly,model-specific
NMME,NCEP-CFSv2,dynamical,2026-06-01,2026-09,3,2.6504,0.8764,1.774,ens_024,monthly,model-specific
NMME,NCEP-CFSv2,dynamical,2026-06-01,2026-10,4,3.0314,0.9866,2.0448,ens_024,monthly,model-specific
NMME,NCEP-CFSv2,dynamical,2026-06-01,2026-11,5,3.4796,1.0545,2.4251,ens_024,monthly,model-specific
NMME,NCEP-CFSv2,dynamical,2026-06-01,2026-12,6,3.2013,1.1174,2.0839,ens_024,monthly,model-specific
NMME,NCEP-CFSv2,dynamical,2026-06-01,2027-01,7,2.7081,1.1861,1.5219,ens_024,monthly,model-specific
NMME,NCEP-CFSv2,dynamical,2026-06-01,2027-02,8,2.3434,1.2039,1.1394,ens_024,monthly,model-specific
NMME,NCEP-CFSv2,dynamical,2026-06-01,2026-06,0,1.307,0.6872,0.6199,ens_025,monthly,model-specific
NMME,NCEP-CFSv2,dynamical,2026-06-01,2026-07,1,1.9573,0.7187,1.2385,ens_025,monthly,model-specific
NMME,NCEP-CFSv2,dynamical,2026-06-01,2026-08,2,2.516,0.9165,1.5995,ens_025,monthly,model-specific
NMME,NCEP-CFSv2,dynamical,2026-06-01,2026-09,3,3.0192,1.011,2.0082,ens_025,monthly,model-specific
NMME,NCEP-CFSv2,dynamical,2026-06-01,2026-10,4,3.2176,1.0999,2.1177,ens_025,monthly,model-specific
NMME,NCEP-CFSv2,dynamical,2026-06-01,2026-11,5,3.3785,1.1003,2.2782,ens_025,monthly,model-specific
NMME,NCEP-CFSv2,dynamical,2026-06-01,2026-12,6,3.28,1.105,2.175,ens_025,monthly,model-specific
NMME,NCEP-CFSv2,dynamical,2026-06-01,2027-01,7,2.8209,1.1581,1.6628,ens_025,monthly,model-specific
NMME,NCEP-CFSv2,dynamical,2026-06-01,2027-02,8,2.4303,1.156,1.2743,ens_025,monthly,model-specific
NMME,NCEP-CFSv2,dynamical,2026-06-01,2026-06,0,1.2817,0.6587,0.623,ens_026,monthly,model-specific
NMME,NCEP-CFSv2,dynamical,2026-06-01,2026-07,1,1.966,0.8181,1.1479,ens_026,monthly,model-specific
NMME,NCEP-CFSv2,dynamical,2026-06-01,2026-08,2,2.4147,0.9831,1.4316,ens_026,monthly,model-specific
NMME,NCEP-CFSv2,dynamical,2026-06-01,2026-09,3,2.7346,0.962,1.7726,ens_026,monthly,model-specific
NMME,NCEP-CFSv2,dynamical,2026-06-01,2026-10,4,2.9078,1.052,1.8559,ens_026,monthly,model-specific
NMME,NCEP-CFSv2,dynamical,2026-06-01,2026-11,5,3.0253,1.1273,1.898,ens_026,monthly,model-specific
NMME,NCEP-CFSv2,dynamical,2026-06-01,2026-12,6,3.4687,1.0558,2.4129,ens_026,monthly,model-specific
NMME,NCEP-CFSv2,dynamical,2026-06-01,2027-01,7,2.6027,1.1415,1.4612,ens_026,monthly,model-specific
NMME,NCEP-CFSv2,dynamical,2026-06-01,2027-02,8,2.4711,1.0666,1.4045,ens_026,monthly,model-specific
NMME,NCEP-CFSv2,dynamical,2026-06-01,2026-06,0,1.3267,0.688,0.6387,ens_027,monthly,model-specific
NMME,NCEP-CFSv2,dynamical,2026-06-01,2026-07,1,2.0596,0.7648,1.2948,ens_027,monthly,model-specific
NMME,NCEP-CFSv2,dynamical,2026-06-01,2026-08,2,2.7531,0.9414,1.8117,ens_027,monthly,model-specific
NMME,NCEP-CFSv2,dynamical,2026-06-01,2026-09,3,3.1997,1.1043,2.0954,ens_027,monthly,model-specific
NMME,NCEP-CFSv2,dynamical,2026-06-01,2026-10,4,3.5294,1.1267,2.4027,ens_027,monthly,model-specific
NMME,NCEP-CFSv2,dynamical,2026-06-01,2026-11,5,3.7745,1.1472,2.6273,ens_027,monthly,model-specific
NMME,NCEP-CFSv2,dynamical,2026-06-01,2026-12,6,3.695,1.0294,2.6656,ens_027,monthly,model-specific
NMME,NCEP-CFSv2,dynamical,2026-06-01,2027-01,7,2.7905,1.1269,1.6636,ens_027,monthly,model-specific
NMME,NCEP-CFSv2,dynamical,2026-06-01,2027-02,8,2.2383,1.1993,1.039,ens_027,monthly,model-specific
NMME,NCEP-CFSv2,dynamical,2026-06-01,2026-06,0,1.2687,0.6532,0.6155,ens_028,monthly,model-specific
NMME,NCEP-CFSv2,dynamical,2026-06-01,2026-07,1,2.1677,0.7677,1.4,ens_028,monthly,model-specific
NMME,NCEP-CFSv2,dynamical,2026-06-01,2026-08,2,2.7246,0.957,1.7676,ens_028,monthly,model-specific
NMME,NCEP-CFSv2,dynamical,2026-06-01,2026-09,3,2.816,0.9877,1.8283,ens_028,monthly,model-specific
NMME,NCEP-CFSv2,dynamical,2026-06-01,2026-10,4,3.3492,1.0494,2.2998,ens_028,monthly,model-specific
NMME,NCEP-CFSv2,dynamical,2026-06-01,2026-11,5,3.7688,1.1006,2.6682,ens_028,monthly,model-specific
NMME,NCEP-CFSv2,dynamical,2026-06-01,2026-12,6,3.1451,1.1147,2.0304,ens_028,monthly,model-specific
NMME,NCEP-CFSv2,dynamical,2026-06-01,2027-01,7,2.5172,1.2236,1.2935,ens_028,monthly,model-specific
NMME,NCEP-CFSv2,dynamical,2026-06-01,2027-02,8,2.1065,1.0173,1.0892,ens_028,monthly,model-specific
NMME,NCEP-CFSv2,dynamical,2026-06-01,2026-06,0,1.282,0.692,0.5901,ens_029,monthly,model-specific
NMME,NCEP-CFSv2,dynamical,2026-06-01,2026-07,1,1.9776,0.79,1.1876,ens_029,monthly,model-specific
NMME,NCEP-CFSv2,dynamical,2026-06-01,2026-08,2,2.8752,0.9158,1.9593,ens_029,monthly,model-specific
NMME,NCEP-CFSv2,dynamical,2026-06-01,2026-09,3,3.1409,1.0597,2.0812,ens_029,monthly,model-specific
NMME,NCEP-CFSv2,dynamical,2026-06-01,2026-10,4,3.6432,1.242,2.4011,ens_029,monthly,model-specific
NMME,NCEP-CFSv2,dynamical,2026-06-01,2026-11,5,4.0383,1.3487,2.6896,ens_029,monthly,model-specific
NMME,NCEP-CFSv2,dynamical,2026-06-01,2026-12,6,3.651,1.2681,2.3829,ens_029,monthly,model-specific
NMME,NCEP-CFSv2,dynamical,2026-06-01,2027-01,7,3.0087,1.2309,1.7778,ens_029,monthly,model-specific
NMME,NCEP-CFSv2,dynamical,2026-06-01,2027-02,8,2.2486,1.3797,0.8689,ens_029,monthly,model-specific
NMME,NCEP-CFSv2,dynamical,2026-06-01,2026-06,0,1.2617,0.6549,0.6068,ens_030,monthly,model-specific
NMME,NCEP-CFSv2,dynamical,2026-06-01,2026-07,1,1.6812,0.7299,0.9513,ens_030,monthly,model-specific
NMME,NCEP-CFSv2,dynamical,2026-06-01,2026-08,2,2.2946,0.7375,1.5571,ens_030,monthly,model-specific
NMME,NCEP-CFSv2,dynamical,2026-06-01,2026-09,3,2.5762,0.8622,1.714,ens_030,monthly,model-specific
NMME,NCEP-CFSv2,dynamical,2026-06-01,2026-10,4,2.7082,0.9757,1.7324,ens_030,monthly,model-specific
NMME,NCEP-CFSv2,dynamical,2026-06-01,2026-11,5,3.0673,1.0196,2.0477,ens_030,monthly,model-specific
NMME,NCEP-CFSv2,dynamical,2026-06-01,2026-12,6,2.8453,0.9861,1.8592,ens_030,monthly,model-specific
NMME,NCEP-CFSv2,dynamical,2026-06-01,2027-01,7,2.6183,1.0291,1.5892,ens_030,monthly,model-specific
NMME,NCEP-CFSv2,dynamical,2026-06-01,2027-02,8,2.5056,1.0683,1.4373,ens_030,monthly,model-specific
NMME,NCEP-CFSv2,dynamical,2026-06-01,2026-06,0,1.3193,0.627,0.6923,ens_031,monthly,model-specific
NMME,NCEP-CFSv2,dynamical,2026-06-01,2026-07,1,2.0756,0.7552,1.3205,ens_031,monthly,model-specific
NMME,NCEP-CFSv2,dynamical,2026-06-01,2026-08,2,2.7265,0.9624,1.764,ens_031,monthly,model-specific
NMME,NCEP-CFSv2,dynamical,2026-06-01,2026-09,3,3.2752,1.1155,2.1597,ens_031,monthly,model-specific
NMME,NCEP-CFSv2,dynamical,2026-06-01,2026-10,4,3.66,1.251,2.4091,ens_031,monthly,model-specific
NMME,NCEP-CFSv2,dynamical,2026-06-01,2026-11,5,3.7759,1.2723,2.5036,ens_031,monthly,model-specific
NMME,NCEP-CFSv2,dynamical,2026-06-01,2026-12,6,3.6409,1.3417,2.2992,ens_031,monthly,model-specific
NMME,NCEP-CFSv2,dynamical,2026-06-01,2027-01,7,2.9025,1.4059,1.4965,ens_031,monthly,model-specific
NMME,NCEP-CFSv2,dynamical,2026-06-01,2027-02,8,2.0376,1.2976,0.7401,ens_031,monthly,model-specific
NMME,NCEP-CFSv2,dynamical,2026-06-01,2026-06,0,1.3409,0.6662,0.6747,ens_032,monthly,model-specific
NMME,NCEP-CFSv2,dynamical,2026-06-01,2026-07,1,2.0567,0.8332,1.2235,ens_032,monthly,model-specific
NMME,NCEP-CFSv2,dynamical,2026-06-01,2026-08,2,2.5903,0.9206,1.6697,ens_032,monthly,model-specific
NMME,NCEP-CFSv2,dynamical,2026-06-01,2026-09,3,2.8928,0.9243,1.9685,ens_032,monthly,model-specific
NMME,NCEP-CFSv2,dynamical,2026-06-01,2026-10,4,3.243,1.1319,2.1111,ens_032,monthly,model-specific
NMME,NCEP-CFSv2,dynamical,2026-06-01,2026-11,5,3.6807,1.1895,2.4912,ens_032,monthly,model-specific
NMME,NCEP-CFSv2,dynamical,2026-06-01,2026-12,6,2.9591,1.1175,1.8416,ens_032,monthly,model-specific
NMME,NCEP-CFSv2,dynamical,2026-06-01,2027-01,7,2.6361,1.0993,1.5369,ens_032,monthly,model-specific
NMME,NCEP-CFSv2,dynamical,2026-06-01,2027-02,8,2.3925,1.089,1.3035,ens_032,monthly,model-specific
NMME,NCEP-CFSv2,dynamical,2026-06-01,2026-06,0,1.317,0.693,0.624,mean,monthly,model-specific
NMME,NCEP-CFSv2,dynamical,2026-06-01,2026-07,1,1.9954,0.7879,1.2075,mean,monthly,model-specific
NMME,NCEP-CFSv2,dynamical,2026-06-01,2026-08,2,2.6736,0.9197,1.754,mean,monthly,model-specific
NMME,NCEP-CFSv2,dynamical,2026-06-01,2026-09,3,2.951,0.9772,1.9738,mean,monthly,model-specific
NMME,NCEP-CFSv2,dynamical,2026-06-01,2026-10,4,3.2682,1.0633,2.2049,mean,monthly,model-specific
NMME,NCEP-CFSv2,dynamical,2026-06-01,2026-11,5,3.5632,1.1147,2.4486,mean,monthly,model-specific
NMME,NCEP-CFSv2,dynamical,2026-06-01,2026-12,6,3.2641,1.1138,2.1504,mean,monthly,model-specific
NMME,NCEP-CFSv2,dynamical,2026-06-01,2027-01,7,2.7879,1.1109,1.677,mean,monthly,model-specific
NMME,NCEP-CFSv2,dynamical,2026-06-01,2027-02,8,2.3724,1.1206,1.2517,mean,monthly,model-specific
NMME,ECCC-CanESM5,dynamical,2026-06-01,2026-06,0,1.155,0.6297,0.5253,ens_001,monthly,model-specific
NMME,ECCC-CanESM5,dynamical,2026-06-01,2026-07,1,1.3058,0.6147,0.6911,ens_001,monthly,model-specific
NMME,ECCC-CanESM5,dynamical,2026-06-01,2026-08,2,1.378,0.6466,0.7314,ens_001,monthly,model-specific
NMME,ECCC-CanESM5,dynamical,2026-06-01,2026-09,3,1.3466,0.7231,0.6235,ens_001,monthly,model-specific
NMME,ECCC-CanESM5,dynamical,2026-06-01,2026-10,4,1.3955,0.7717,0.6238,ens_001,monthly,model-specific
NMME,ECCC-CanESM5,dynamical,2026-06-01,2026-11,5,1.6793,0.7856,0.8937,ens_001,monthly,model-specific
NMME,ECCC-CanESM5,dynamical,2026-06-01,2026-12,6,2.1105,0.8742,1.2363,ens_001,monthly,model-specific
NMME,ECCC-CanESM5,dynamical,2026-06-01,2027-01,7,2.0803,0.88,1.2003,ens_001,monthly,model-specific
NMME,ECCC-CanESM5,dynamical,2026-06-01,2027-02,8,2.085,0.9059,1.1791,ens_001,monthly,model-specific
NMME,ECCC-CanESM5,dynamical,2026-06-01,2026-06,0,1.0627,0.6221,0.4406,ens_002,monthly,model-specific
NMME,ECCC-CanESM5,dynamical,2026-06-01,2026-07,1,1.2249,0.6321,0.5928,ens_002,monthly,model-specific
NMME,ECCC-CanESM5,dynamical,2026-06-01,2026-08,2,1.2521,0.6064,0.6457,ens_002,monthly,model-specific
NMME,ECCC-CanESM5,dynamical,2026-06-01,2026-09,3,1.2757,0.7179,0.5578,ens_002,monthly,model-specific
NMME,ECCC-CanESM5,dynamical,2026-06-01,2026-10,4,1.5763,0.8333,0.743,ens_002,monthly,model-specific
NMME,ECCC-CanESM5,dynamical,2026-06-01,2026-11,5,1.695,0.8316,0.8634,ens_002,monthly,model-specific
NMME,ECCC-CanESM5,dynamical,2026-06-01,2026-12,6,1.8376,0.7928,1.0448,ens_002,monthly,model-specific
NMME,ECCC-CanESM5,dynamical,2026-06-01,2027-01,7,1.9782,0.8088,1.1695,ens_002,monthly,model-specific
NMME,ECCC-CanESM5,dynamical,2026-06-01,2027-02,8,2.005,0.9389,1.0661,ens_002,monthly,model-specific
NMME,ECCC-CanESM5,dynamical,2026-06-01,2026-06,0,1.137,0.6218,0.5152,ens_003,monthly,model-specific
NMME,ECCC-CanESM5,dynamical,2026-06-01,2026-07,1,1.2455,0.6323,0.6132,ens_003,monthly,model-specific
NMME,ECCC-CanESM5,dynamical,2026-06-01,2026-08,2,1.3607,0.6973,0.6634,ens_003,monthly,model-specific
NMME,ECCC-CanESM5,dynamical,2026-06-01,2026-09,3,1.3423,0.83,0.5123,ens_003,monthly,model-specific
NMME,ECCC-CanESM5,dynamical,2026-06-01,2026-10,4,1.3607,0.8822,0.4786,ens_003,monthly,model-specific
NMME,ECCC-CanESM5,dynamical,2026-06-01,2026-11,5,1.4176,0.8831,0.5345,ens_003,monthly,model-specific
NMME,ECCC-CanESM5,dynamical,2026-06-01,2026-12,6,1.5601,0.8885,0.6716,ens_003,monthly,model-specific
NMME,ECCC-CanESM5,dynamical,2026-06-01,2027-01,7,1.6555,0.923,0.7325,ens_003,monthly,model-specific
NMME,ECCC-CanESM5,dynamical,2026-06-01,2027-02,8,1.4909,0.8559,0.635,ens_003,monthly,model-specific
NMME,ECCC-CanESM5,dynamical,2026-06-01,2026-06,0,1.0863,0.6104,0.4759,ens_004,monthly,model-specific
NMME,ECCC-CanESM5,dynamical,2026-06-01,2026-07,1,1.288,0.6234,0.6646,ens_004,monthly,model-specific
NMME,ECCC-CanESM5,dynamical,2026-06-01,2026-08,2,1.4405,0.5877,0.8527,ens_004,monthly,model-specific
NMME,ECCC-CanESM5,dynamical,2026-06-01,2026-09,3,1.4547,0.6577,0.797,ens_004,monthly,model-specific
NMME,ECCC-CanESM5,dynamical,2026-06-01,2026-10,4,1.6053,0.7618,0.8435,ens_004,monthly,model-specific
NMME,ECCC-CanESM5,dynamical,2026-06-01,2026-11,5,2.0226,0.8491,1.1735,ens_004,monthly,model-specific
NMME,ECCC-CanESM5,dynamical,2026-06-01,2026-12,6,2.4452,0.9574,1.4878,ens_004,monthly,model-specific
NMME,ECCC-CanESM5,dynamical,2026-06-01,2027-01,7,2.3877,0.9015,1.4862,ens_004,monthly,model-specific
NMME,ECCC-CanESM5,dynamical,2026-06-01,2027-02,8,2.2904,0.9227,1.3677,ens_004,monthly,model-specific
NMME,ECCC-CanESM5,dynamical,2026-06-01,2026-06,0,1.0526,0.5919,0.4608,ens_005,monthly,model-specific
NMME,ECCC-CanESM5,dynamical,2026-06-01,2026-07,1,1.1584,0.5781,0.5803,ens_005,monthly,model-specific
NMME,ECCC-CanESM5,dynamical,2026-06-01,2026-08,2,1.3135,0.6214,0.692,ens_005,monthly,model-specific
NMME,ECCC-CanESM5,dynamical,2026-06-01,2026-09,3,1.3145,0.7039,0.6105,ens_005,monthly,model-specific
NMME,ECCC-CanESM5,dynamical,2026-06-01,2026-10,4,1.507,0.7957,0.7113,ens_005,monthly,model-specific
NMME,ECCC-CanESM5,dynamical,2026-06-01,2026-11,5,1.6855,0.8666,0.8189,ens_005,monthly,model-specific
NMME,ECCC-CanESM5,dynamical,2026-06-01,2026-12,6,1.8558,0.9212,0.9346,ens_005,monthly,model-specific
NMME,ECCC-CanESM5,dynamical,2026-06-01,2027-01,7,2.0912,1.01,1.0813,ens_005,monthly,model-specific
NMME,ECCC-CanESM5,dynamical,2026-06-01,2027-02,8,2.1742,0.9374,1.2369,ens_005,monthly,model-specific
NMME,ECCC-CanESM5,dynamical,2026-06-01,2026-06,0,1.1122,0.6321,0.4801,ens_006,monthly,model-specific
NMME,ECCC-CanESM5,dynamical,2026-06-01,2026-07,1,1.2861,0.6511,0.635,ens_006,monthly,model-specific
NMME,ECCC-CanESM5,dynamical,2026-06-01,2026-08,2,1.3585,0.6256,0.733,ens_006,monthly,model-specific
NMME,ECCC-CanESM5,dynamical,2026-06-01,2026-09,3,1.3649,0.7012,0.6637,ens_006,monthly,model-specific
NMME,ECCC-CanESM5,dynamical,2026-06-01,2026-10,4,1.622,0.7925,0.8295,ens_006,monthly,model-specific
NMME,ECCC-CanESM5,dynamical,2026-06-01,2026-11,5,1.9025,0.8776,1.0249,ens_006,monthly,model-specific
NMME,ECCC-CanESM5,dynamical,2026-06-01,2026-12,6,2.2316,0.9757,1.2559,ens_006,monthly,model-specific
NMME,ECCC-CanESM5,dynamical,2026-06-01,2027-01,7,2.2029,0.9726,1.2303,ens_006,monthly,model-specific
NMME,ECCC-CanESM5,dynamical,2026-06-01,2027-02,8,2.1167,1.0873,1.0294,ens_006,monthly,model-specific
NMME,ECCC-CanESM5,dynamical,2026-06-01,2026-06,0,1.0974,0.6146,0.4828,ens_007,monthly,model-specific
NMME,ECCC-CanESM5,dynamical,2026-06-01,2026-07,1,1.1308,0.5896,0.5412,ens_007,monthly,model-specific
NMME,ECCC-CanESM5,dynamical,2026-06-01,2026-08,2,1.2007,0.6106,0.5901,ens_007,monthly,model-specific
NMME,ECCC-CanESM5,dynamical,2026-06-01,2026-09,3,1.2077,0.7066,0.5012,ens_007,monthly,model-specific
NMME,ECCC-CanESM5,dynamical,2026-06-01,2026-10,4,1.3366,0.7539,0.5827,ens_007,monthly,model-specific
NMME,ECCC-CanESM5,dynamical,2026-06-01,2026-11,5,1.6128,0.8282,0.7846,ens_007,monthly,model-specific
NMME,ECCC-CanESM5,dynamical,2026-06-01,2026-12,6,1.984,0.9376,1.0464,ens_007,monthly,model-specific
NMME,ECCC-CanESM5,dynamical,2026-06-01,2027-01,7,2.227,0.94,1.287,ens_007,monthly,model-specific
NMME,ECCC-CanESM5,dynamical,2026-06-01,2027-02,8,2.0836,0.8658,1.2178,ens_007,monthly,model-specific
NMME,ECCC-CanESM5,dynamical,2026-06-01,2026-06,0,1.1585,0.6278,0.5307,ens_008,monthly,model-specific
NMME,ECCC-CanESM5,dynamical,2026-06-01,2026-07,1,1.3367,0.613,0.7237,ens_008,monthly,model-specific
NMME,ECCC-CanESM5,dynamical,2026-06-01,2026-08,2,1.3797,0.6132,0.7665,ens_008,monthly,model-specific
NMME,ECCC-CanESM5,dynamical,2026-06-01,2026-09,3,1.207,0.6409,0.5661,ens_008,monthly,model-specific
NMME,ECCC-CanESM5,dynamical,2026-06-01,2026-10,4,1.4364,0.6969,0.7395,ens_008,monthly,model-specific
NMME,ECCC-CanESM5,dynamical,2026-06-01,2026-11,5,1.5764,0.8083,0.768,ens_008,monthly,model-specific
NMME,ECCC-CanESM5,dynamical,2026-06-01,2026-12,6,1.7297,0.8625,0.8673,ens_008,monthly,model-specific
NMME,ECCC-CanESM5,dynamical,2026-06-01,2027-01,7,1.6485,0.9135,0.735,ens_008,monthly,model-specific
NMME,ECCC-CanESM5,dynamical,2026-06-01,2027-02,8,1.7943,0.9008,0.8935,ens_008,monthly,model-specific
NMME,ECCC-CanESM5,dynamical,2026-06-01,2026-06,0,1.1431,0.6229,0.5203,ens_009,monthly,model-specific
NMME,ECCC-CanESM5,dynamical,2026-06-01,2026-07,1,1.3188,0.6241,0.6948,ens_009,monthly,model-specific
NMME,ECCC-CanESM5,dynamical,2026-06-01,2026-08,2,1.3437,0.6457,0.698,ens_009,monthly,model-specific
NMME,ECCC-CanESM5,dynamical,2026-06-01,2026-09,3,1.273,0.6879,0.585,ens_009,monthly,model-specific
NMME,ECCC-CanESM5,dynamical,2026-06-01,2026-10,4,1.3024,0.7823,0.5201,ens_009,monthly,model-specific
NMME,ECCC-CanESM5,dynamical,2026-06-01,2026-11,5,1.7682,0.8831,0.8851,ens_009,monthly,model-specific
NMME,ECCC-CanESM5,dynamical,2026-06-01,2026-12,6,2.1609,0.9939,1.1671,ens_009,monthly,model-specific
NMME,ECCC-CanESM5,dynamical,2026-06-01,2027-01,7,2.1401,1.0143,1.1258,ens_009,monthly,model-specific
NMME,ECCC-CanESM5,dynamical,2026-06-01,2027-02,8,1.9932,0.956,1.0372,ens_009,monthly,model-specific
NMME,ECCC-CanESM5,dynamical,2026-06-01,2026-06,0,1.1495,0.6198,0.5296,ens_010,monthly,model-specific
NMME,ECCC-CanESM5,dynamical,2026-06-01,2026-07,1,1.4151,0.6731,0.742,ens_010,monthly,model-specific
NMME,ECCC-CanESM5,dynamical,2026-06-01,2026-08,2,1.5806,0.6807,0.9,ens_010,monthly,model-specific
NMME,ECCC-CanESM5,dynamical,2026-06-01,2026-09,3,1.6408,0.8134,0.8274,ens_010,monthly,model-specific
NMME,ECCC-CanESM5,dynamical,2026-06-01,2026-10,4,1.7186,0.854,0.8646,ens_010,monthly,model-specific
NMME,ECCC-CanESM5,dynamical,2026-06-01,2026-11,5,2.0718,0.91,1.1617,ens_010,monthly,model-specific
NMME,ECCC-CanESM5,dynamical,2026-06-01,2026-12,6,2.2641,0.9845,1.2796,ens_010,monthly,model-specific
NMME,ECCC-CanESM5,dynamical,2026-06-01,2027-01,7,2.1915,0.8958,1.2957,ens_010,monthly,model-specific
NMME,ECCC-CanESM5,dynamical,2026-06-01,2027-02,8,2.2279,0.9009,1.327,ens_010,monthly,model-specific
NMME,ECCC-CanESM5,dynamical,2026-06-01,2026-06,0,0.9894,0.6152,0.3742,ens_011,monthly,model-specific
NMME,ECCC-CanESM5,dynamical,2026-06-01,2026-07,1,1.1554,0.6213,0.5342,ens_011,monthly,model-specific
NMME,ECCC-CanESM5,dynamical,2026-06-01,2026-08,2,1.3963,0.6733,0.7231,ens_011,monthly,model-specific
NMME,ECCC-CanESM5,dynamical,2026-06-01,2026-09,3,1.2705,0.7009,0.5696,ens_011,monthly,model-specific
NMME,ECCC-CanESM5,dynamical,2026-06-01,2026-10,4,1.6832,0.8563,0.8269,ens_011,monthly,model-specific
NMME,ECCC-CanESM5,dynamical,2026-06-01,2026-11,5,2.0849,0.905,1.1799,ens_011,monthly,model-specific
NMME,ECCC-CanESM5,dynamical,2026-06-01,2026-12,6,2.1671,0.932,1.2352,ens_011,monthly,model-specific
NMME,ECCC-CanESM5,dynamical,2026-06-01,2027-01,7,2.0416,0.8826,1.159,ens_011,monthly,model-specific
NMME,ECCC-CanESM5,dynamical,2026-06-01,2027-02,8,1.7368,0.827,0.9098,ens_011,monthly,model-specific
NMME,ECCC-CanESM5,dynamical,2026-06-01,2026-06,0,1.076,0.6209,0.4551,ens_012,monthly,model-specific
NMME,ECCC-CanESM5,dynamical,2026-06-01,2026-07,1,1.2482,0.6193,0.6289,ens_012,monthly,model-specific
NMME,ECCC-CanESM5,dynamical,2026-06-01,2026-08,2,1.3116,0.6385,0.673,ens_012,monthly,model-specific
NMME,ECCC-CanESM5,dynamical,2026-06-01,2026-09,3,1.2746,0.7482,0.5264,ens_012,monthly,model-specific
NMME,ECCC-CanESM5,dynamical,2026-06-01,2026-10,4,1.3482,0.8071,0.5412,ens_012,monthly,model-specific
NMME,ECCC-CanESM5,dynamical,2026-06-01,2026-11,5,1.6244,0.8582,0.7662,ens_012,monthly,model-specific
NMME,ECCC-CanESM5,dynamical,2026-06-01,2026-12,6,1.8643,0.9015,0.9629,ens_012,monthly,model-specific
NMME,ECCC-CanESM5,dynamical,2026-06-01,2027-01,7,1.9978,0.9288,1.069,ens_012,monthly,model-specific
NMME,ECCC-CanESM5,dynamical,2026-06-01,2027-02,8,2.0507,0.9791,1.0716,ens_012,monthly,model-specific
NMME,ECCC-CanESM5,dynamical,2026-06-01,2026-06,0,0.9763,0.5553,0.421,ens_013,monthly,model-specific
NMME,ECCC-CanESM5,dynamical,2026-06-01,2026-07,1,1.1589,0.5699,0.5889,ens_013,monthly,model-specific
NMME,ECCC-CanESM5,dynamical,2026-06-01,2026-08,2,1.3239,0.6281,0.6958,ens_013,monthly,model-specific
NMME,ECCC-CanESM5,dynamical,2026-06-01,2026-09,3,1.3881,0.7006,0.6875,ens_013,monthly,model-specific
NMME,ECCC-CanESM5,dynamical,2026-06-01,2026-10,4,1.6093,0.7988,0.8105,ens_013,monthly,model-specific
NMME,ECCC-CanESM5,dynamical,2026-06-01,2026-11,5,2.1591,0.8714,1.2876,ens_013,monthly,model-specific
NMME,ECCC-CanESM5,dynamical,2026-06-01,2026-12,6,2.1457,0.9059,1.2397,ens_013,monthly,model-specific
NMME,ECCC-CanESM5,dynamical,2026-06-01,2027-01,7,1.7567,0.8189,0.9379,ens_013,monthly,model-specific
NMME,ECCC-CanESM5,dynamical,2026-06-01,2027-02,8,1.5993,0.8075,0.7918,ens_013,monthly,model-specific
NMME,ECCC-CanESM5,dynamical,2026-06-01,2026-06,0,1.0029,0.5976,0.4053,ens_014,monthly,model-specific
NMME,ECCC-CanESM5,dynamical,2026-06-01,2026-07,1,1.4753,0.6235,0.8518,ens_014,monthly,model-specific
NMME,ECCC-CanESM5,dynamical,2026-06-01,2026-08,2,1.5784,0.6284,0.95,ens_014,monthly,model-specific
NMME,ECCC-CanESM5,dynamical,2026-06-01,2026-09,3,1.7537,0.733,1.0206,ens_014,monthly,model-specific
NMME,ECCC-CanESM5,dynamical,2026-06-01,2026-10,4,1.8437,0.8067,1.037,ens_014,monthly,model-specific
NMME,ECCC-CanESM5,dynamical,2026-06-01,2026-11,5,2.1734,0.9381,1.2353,ens_014,monthly,model-specific
NMME,ECCC-CanESM5,dynamical,2026-06-01,2026-12,6,2.2484,1.0438,1.2046,ens_014,monthly,model-specific
NMME,ECCC-CanESM5,dynamical,2026-06-01,2027-01,7,2.1382,0.9872,1.151,ens_014,monthly,model-specific
NMME,ECCC-CanESM5,dynamical,2026-06-01,2027-02,8,1.9064,0.9123,0.9941,ens_014,monthly,model-specific
NMME,ECCC-CanESM5,dynamical,2026-06-01,2026-06,0,0.9438,0.6039,0.3399,ens_015,monthly,model-specific
NMME,ECCC-CanESM5,dynamical,2026-06-01,2026-07,1,1.0306,0.5676,0.4631,ens_015,monthly,model-specific
NMME,ECCC-CanESM5,dynamical,2026-06-01,2026-08,2,1.2348,0.584,0.6508,ens_015,monthly,model-specific
NMME,ECCC-CanESM5,dynamical,2026-06-01,2026-09,3,1.351,0.7191,0.6319,ens_015,monthly,model-specific
NMME,ECCC-CanESM5,dynamical,2026-06-01,2026-10,4,1.4174,0.7612,0.6561,ens_015,monthly,model-specific
NMME,ECCC-CanESM5,dynamical,2026-06-01,2026-11,5,1.6461,0.8053,0.8408,ens_015,monthly,model-specific
NMME,ECCC-CanESM5,dynamical,2026-06-01,2026-12,6,1.859,0.876,0.983,ens_015,monthly,model-specific
NMME,ECCC-CanESM5,dynamical,2026-06-01,2027-01,7,2.0281,0.9104,1.1176,ens_015,monthly,model-specific
NMME,ECCC-CanESM5,dynamical,2026-06-01,2027-02,8,1.9468,0.9011,1.0457,ens_015,monthly,model-specific
NMME,ECCC-CanESM5,dynamical,2026-06-01,2026-06,0,1.0045,0.5983,0.4062,ens_016,monthly,model-specific
NMME,ECCC-CanESM5,dynamical,2026-06-01,2026-07,1,1.1494,0.5886,0.5608,ens_016,monthly,model-specific
NMME,ECCC-CanESM5,dynamical,2026-06-01,2026-08,2,1.0976,0.6077,0.4899,ens_016,monthly,model-specific
NMME,ECCC-CanESM5,dynamical,2026-06-01,2026-09,3,1.2012,0.6383,0.5629,ens_016,monthly,model-specific
NMME,ECCC-CanESM5,dynamical,2026-06-01,2026-10,4,1.353,0.7202,0.6328,ens_016,monthly,model-specific
NMME,ECCC-CanESM5,dynamical,2026-06-01,2026-11,5,1.5709,0.7423,0.8286,ens_016,monthly,model-specific
NMME,ECCC-CanESM5,dynamical,2026-06-01,2026-12,6,1.8091,0.8255,0.9836,ens_016,monthly,model-specific
NMME,ECCC-CanESM5,dynamical,2026-06-01,2027-01,7,2.0213,0.83,1.1912,ens_016,monthly,model-specific
NMME,ECCC-CanESM5,dynamical,2026-06-01,2027-02,8,2.1066,0.8546,1.252,ens_016,monthly,model-specific
NMME,ECCC-CanESM5,dynamical,2026-06-01,2026-06,0,1.0214,0.6098,0.4115,ens_017,monthly,model-specific
NMME,ECCC-CanESM5,dynamical,2026-06-01,2026-07,1,1.2173,0.639,0.5783,ens_017,monthly,model-specific
NMME,ECCC-CanESM5,dynamical,2026-06-01,2026-08,2,1.2522,0.655,0.5972,ens_017,monthly,model-specific
NMME,ECCC-CanESM5,dynamical,2026-06-01,2026-09,3,1.3099,0.7412,0.5687,ens_017,monthly,model-specific
NMME,ECCC-CanESM5,dynamical,2026-06-01,2026-10,4,1.2804,0.8456,0.4348,ens_017,monthly,model-specific
NMME,ECCC-CanESM5,dynamical,2026-06-01,2026-11,5,1.4296,0.845,0.5846,ens_017,monthly,model-specific
NMME,ECCC-CanESM5,dynamical,2026-06-01,2026-12,6,1.6591,0.8597,0.7994,ens_017,monthly,model-specific
NMME,ECCC-CanESM5,dynamical,2026-06-01,2027-01,7,1.8179,0.8331,0.9848,ens_017,monthly,model-specific
NMME,ECCC-CanESM5,dynamical,2026-06-01,2027-02,8,1.9246,0.8306,1.0939,ens_017,monthly,model-specific
NMME,ECCC-CanESM5,dynamical,2026-06-01,2026-06,0,1.016,0.6149,0.4012,ens_018,monthly,model-specific
NMME,ECCC-CanESM5,dynamical,2026-06-01,2026-07,1,1.0946,0.6073,0.4873,ens_018,monthly,model-specific
NMME,ECCC-CanESM5,dynamical,2026-06-01,2026-08,2,1.1653,0.5965,0.5688,ens_018,monthly,model-specific
NMME,ECCC-CanESM5,dynamical,2026-06-01,2026-09,3,1.0096,0.6591,0.3506,ens_018,monthly,model-specific
NMME,ECCC-CanESM5,dynamical,2026-06-01,2026-10,4,1.2944,0.6834,0.611,ens_018,monthly,model-specific
NMME,ECCC-CanESM5,dynamical,2026-06-01,2026-11,5,1.5702,0.7773,0.7929,ens_018,monthly,model-specific
NMME,ECCC-CanESM5,dynamical,2026-06-01,2026-12,6,1.8535,0.8758,0.9777,ens_018,monthly,model-specific
NMME,ECCC-CanESM5,dynamical,2026-06-01,2027-01,7,1.8786,0.9345,0.9441,ens_018,monthly,model-specific
NMME,ECCC-CanESM5,dynamical,2026-06-01,2027-02,8,1.8518,0.9883,0.8635,ens_018,monthly,model-specific
NMME,ECCC-CanESM5,dynamical,2026-06-01,2026-06,0,0.939,0.5752,0.3638,ens_019,monthly,model-specific
NMME,ECCC-CanESM5,dynamical,2026-06-01,2026-07,1,1.0032,0.6057,0.3975,ens_019,monthly,model-specific
NMME,ECCC-CanESM5,dynamical,2026-06-01,2026-08,2,1.1203,0.6219,0.4984,ens_019,monthly,model-specific
NMME,ECCC-CanESM5,dynamical,2026-06-01,2026-09,3,1.2096,0.6947,0.5149,ens_019,monthly,model-specific
NMME,ECCC-CanESM5,dynamical,2026-06-01,2026-10,4,1.4337,0.8308,0.6029,ens_019,monthly,model-specific
NMME,ECCC-CanESM5,dynamical,2026-06-01,2026-11,5,1.589,0.8743,0.7147,ens_019,monthly,model-specific
NMME,ECCC-CanESM5,dynamical,2026-06-01,2026-12,6,1.6966,0.859,0.8376,ens_019,monthly,model-specific
NMME,ECCC-CanESM5,dynamical,2026-06-01,2027-01,7,1.6897,0.8815,0.8082,ens_019,monthly,model-specific
NMME,ECCC-CanESM5,dynamical,2026-06-01,2027-02,8,1.5256,0.8308,0.6947,ens_019,monthly,model-specific
NMME,ECCC-CanESM5,dynamical,2026-06-01,2026-06,0,1.0199,0.6274,0.3924,ens_020,monthly,model-specific
NMME,ECCC-CanESM5,dynamical,2026-06-01,2026-07,1,1.1905,0.642,0.5484,ens_020,monthly,model-specific
NMME,ECCC-CanESM5,dynamical,2026-06-01,2026-08,2,1.3186,0.7014,0.6172,ens_020,monthly,model-specific
NMME,ECCC-CanESM5,dynamical,2026-06-01,2026-09,3,1.39,0.7143,0.6757,ens_020,monthly,model-specific
NMME,ECCC-CanESM5,dynamical,2026-06-01,2026-10,4,1.4946,0.7632,0.7315,ens_020,monthly,model-specific
NMME,ECCC-CanESM5,dynamical,2026-06-01,2026-11,5,1.8103,0.8266,0.9837,ens_020,monthly,model-specific
NMME,ECCC-CanESM5,dynamical,2026-06-01,2026-12,6,2.063,0.9233,1.1398,ens_020,monthly,model-specific
NMME,ECCC-CanESM5,dynamical,2026-06-01,2027-01,7,1.9276,0.8965,1.0311,ens_020,monthly,model-specific
NMME,ECCC-CanESM5,dynamical,2026-06-01,2027-02,8,1.651,0.8703,0.7807,ens_020,monthly,model-specific
NMME,ECCC-CanESM5,dynamical,2026-06-01,2026-06,0,1.0572,0.6106,0.4466,mean,monthly,model-specific
NMME,ECCC-CanESM5,dynamical,2026-06-01,2026-07,1,1.2217,0.6158,0.6059,mean,monthly,model-specific
NMME,ECCC-CanESM5,dynamical,2026-06-01,2026-08,2,1.3204,0.6335,0.6869,mean,monthly,model-specific
NMME,ECCC-CanESM5,dynamical,2026-06-01,2026-09,3,1.3293,0.7116,0.6177,mean,monthly,model-specific
NMME,ECCC-CanESM5,dynamical,2026-06-01,2026-10,4,1.4809,0.7899,0.6911,mean,monthly,model-specific
NMME,ECCC-CanESM5,dynamical,2026-06-01,2026-11,5,1.7545,0.8483,0.9061,mean,monthly,model-specific
NMME,ECCC-CanESM5,dynamical,2026-06-01,2026-12,6,1.9773,0.9095,1.0677,mean,monthly,model-specific
NMME,ECCC-CanESM5,dynamical,2026-06-01,2027-01,7,1.995,0.9081,1.0869,mean,monthly,model-specific
NMME,ECCC-CanESM5,dynamical,2026-06-01,2027-02,8,1.928,0.9037,1.0244,mean,monthly,model-specific
NMME,ECCC-GEM5.2-NEMO,dynamical,2026-06-01,2026-06,0,1.7108,0.5096,1.2012,ens_001,monthly,model-specific
NMME,ECCC-GEM5.2-NEMO,dynamical,2026-06-01,2026-07,1,2.6616,0.6184,2.0432,ens_001,monthly,model-specific
NMME,ECCC-GEM5.2-NEMO,dynamical,2026-06-01,2026-08,2,2.8576,0.6787,2.1789,ens_001,monthly,model-specific
NMME,ECCC-GEM5.2-NEMO,dynamical,2026-06-01,2026-09,3,2.6606,0.6492,2.0114,ens_001,monthly,model-specific
NMME,ECCC-GEM5.2-NEMO,dynamical,2026-06-01,2026-10,4,2.7271,0.6976,2.0295,ens_001,monthly,model-specific
NMME,ECCC-GEM5.2-NEMO,dynamical,2026-06-01,2026-11,5,2.7466,0.6886,2.058,ens_001,monthly,model-specific
NMME,ECCC-GEM5.2-NEMO,dynamical,2026-06-01,2026-12,6,2.7949,0.6726,2.1222,ens_001,monthly,model-specific
NMME,ECCC-GEM5.2-NEMO,dynamical,2026-06-01,2027-01,7,2.643,0.6969,1.946,ens_001,monthly,model-specific
NMME,ECCC-GEM5.2-NEMO,dynamical,2026-06-01,2027-02,8,2.4057,0.6608,1.7448,ens_001,monthly,model-specific
NMME,ECCC-GEM5.2-NEMO,dynamical,2026-06-01,2026-06,0,1.736,0.5107,1.2253,ens_002,monthly,model-specific
NMME,ECCC-GEM5.2-NEMO,dynamical,2026-06-01,2026-07,1,2.4724,0.6193,1.853,ens_002,monthly,model-specific
NMME,ECCC-GEM5.2-NEMO,dynamical,2026-06-01,2026-08,2,2.747,0.682,2.0651,ens_002,monthly,model-specific
NMME,ECCC-GEM5.2-NEMO,dynamical,2026-06-01,2026-09,3,2.6318,0.7245,1.9074,ens_002,monthly,model-specific
NMME,ECCC-GEM5.2-NEMO,dynamical,2026-06-01,2026-10,4,2.5682,0.748,1.8201,ens_002,monthly,model-specific
NMME,ECCC-GEM5.2-NEMO,dynamical,2026-06-01,2026-11,5,2.7177,0.7439,1.9738,ens_002,monthly,model-specific
NMME,ECCC-GEM5.2-NEMO,dynamical,2026-06-01,2026-12,6,2.8157,0.7778,2.0379,ens_002,monthly,model-specific
NMME,ECCC-GEM5.2-NEMO,dynamical,2026-06-01,2027-01,7,2.6468,0.747,1.8999,ens_002,monthly,model-specific
NMME,ECCC-GEM5.2-NEMO,dynamical,2026-06-01,2027-02,8,2.0778,0.6168,1.4609,ens_002,monthly,model-specific
NMME,ECCC-GEM5.2-NEMO,dynamical,2026-06-01,2026-06,0,1.725,0.5083,1.2168,ens_003,monthly,model-specific
NMME,ECCC-GEM5.2-NEMO,dynamical,2026-06-01,2026-07,1,2.552,0.5746,1.9774,ens_003,monthly,model-specific
NMME,ECCC-GEM5.2-NEMO,dynamical,2026-06-01,2026-08,2,3.0488,0.6527,2.396,ens_003,monthly,model-specific
NMME,ECCC-GEM5.2-NEMO,dynamical,2026-06-01,2026-09,3,3.2462,0.7043,2.5419,ens_003,monthly,model-specific
NMME,ECCC-GEM5.2-NEMO,dynamical,2026-06-01,2026-10,4,3.3473,0.714,2.6332,ens_003,monthly,model-specific
NMME,ECCC-GEM5.2-NEMO,dynamical,2026-06-01,2026-11,5,3.5606,0.7092,2.8514,ens_003,monthly,model-specific
NMME,ECCC-GEM5.2-NEMO,dynamical,2026-06-01,2026-12,6,3.6979,0.7256,2.9724,ens_003,monthly,model-specific
NMME,ECCC-GEM5.2-NEMO,dynamical,2026-06-01,2027-01,7,3.538,0.6984,2.8395,ens_003,monthly,model-specific
NMME,ECCC-GEM5.2-NEMO,dynamical,2026-06-01,2027-02,8,3.3194,0.6627,2.6567,ens_003,monthly,model-specific
NMME,ECCC-GEM5.2-NEMO,dynamical,2026-06-01,2026-06,0,1.7684,0.4852,1.2832,ens_004,monthly,model-specific
NMME,ECCC-GEM5.2-NEMO,dynamical,2026-06-01,2026-07,1,2.5475,0.5398,2.0077,ens_004,monthly,model-specific
NMME,ECCC-GEM5.2-NEMO,dynamical,2026-06-01,2026-08,2,2.7298,0.5871,2.1427,ens_004,monthly,model-specific
NMME,ECCC-GEM5.2-NEMO,dynamical,2026-06-01,2026-09,3,2.7065,0.6209,2.0857,ens_004,monthly,model-specific
NMME,ECCC-GEM5.2-NEMO,dynamical,2026-06-01,2026-10,4,2.7536,0.6778,2.0758,ens_004,monthly,model-specific
NMME,ECCC-GEM5.2-NEMO,dynamical,2026-06-01,2026-11,5,3.0345,0.6773,2.3572,ens_004,monthly,model-specific
NMME,ECCC-GEM5.2-NEMO,dynamical,2026-06-01,2026-12,6,3.3031,0.6171,2.6859,ens_004,monthly,model-specific
NMME,ECCC-GEM5.2-NEMO,dynamical,2026-06-01,2027-01,7,3.3935,0.6512,2.7422,ens_004,monthly,model-specific
NMME,ECCC-GEM5.2-NEMO,dynamical,2026-06-01,2027-02,8,3.2463,0.6775,2.5688,ens_004,monthly,model-specific
NMME,ECCC-GEM5.2-NEMO,dynamical,2026-06-01,2026-06,0,1.6749,0.49,1.1849,ens_005,monthly,model-specific
NMME,ECCC-GEM5.2-NEMO,dynamical,2026-06-01,2026-07,1,2.4426,0.595,1.8477,ens_005,monthly,model-specific
NMME,ECCC-GEM5.2-NEMO,dynamical,2026-06-01,2026-08,2,2.7518,0.6675,2.0843,ens_005,monthly,model-specific
NMME,ECCC-GEM5.2-NEMO,dynamical,2026-06-01,2026-09,3,2.6445,0.6613,1.9832,ens_005,monthly,model-specific
NMME,ECCC-GEM5.2-NEMO,dynamical,2026-06-01,2026-10,4,2.6666,0.6783,1.9883,ens_005,monthly,model-specific
NMME,ECCC-GEM5.2-NEMO,dynamical,2026-06-01,2026-11,5,2.7163,0.6577,2.0586,ens_005,monthly,model-specific
NMME,ECCC-GEM5.2-NEMO,dynamical,2026-06-01,2026-12,6,2.8628,0.6797,2.1831,ens_005,monthly,model-specific
NMME,ECCC-GEM5.2-NEMO,dynamical,2026-06-01,2027-01,7,2.6054,0.6425,1.9629,ens_005,monthly,model-specific
NMME,ECCC-GEM5.2-NEMO,dynamical,2026-06-01,2027-02,8,2.3415,0.6579,1.6836,ens_005,monthly,model-specific
NMME,ECCC-GEM5.2-NEMO,dynamical,2026-06-01,2026-06,0,1.7326,0.4901,1.2425,ens_006,monthly,model-specific
NMME,ECCC-GEM5.2-NEMO,dynamical,2026-06-01,2026-07,1,2.5568,0.599,1.9577,ens_006,monthly,model-specific
NMME,ECCC-GEM5.2-NEMO,dynamical,2026-06-01,2026-08,2,2.6912,0.6489,2.0423,ens_006,monthly,model-specific
NMME,ECCC-GEM5.2-NEMO,dynamical,2026-06-01,2026-09,3,2.7499,0.6858,2.0641,ens_006,monthly,model-specific
NMME,ECCC-GEM5.2-NEMO,dynamical,2026-06-01,2026-10,4,2.704,0.7524,1.9516,ens_006,monthly,model-specific
NMME,ECCC-GEM5.2-NEMO,dynamical,2026-06-01,2026-11,5,2.9887,0.7406,2.2481,ens_006,monthly,model-specific
NMME,ECCC-GEM5.2-NEMO,dynamical,2026-06-01,2026-12,6,3.1281,0.7703,2.3578,ens_006,monthly,model-specific
NMME,ECCC-GEM5.2-NEMO,dynamical,2026-06-01,2027-01,7,2.9234,0.7556,2.1678,ens_006,monthly,model-specific
NMME,ECCC-GEM5.2-NEMO,dynamical,2026-06-01,2027-02,8,3.037,0.7465,2.2905,ens_006,monthly,model-specific
NMME,ECCC-GEM5.2-NEMO,dynamical,2026-06-01,2026-06,0,1.6942,0.4964,1.1977,ens_007,monthly,model-specific
NMME,ECCC-GEM5.2-NEMO,dynamical,2026-06-01,2026-07,1,2.5413,0.6058,1.9355,ens_007,monthly,model-specific
NMME,ECCC-GEM5.2-NEMO,dynamical,2026-06-01,2026-08,2,2.7776,0.6685,2.109,ens_007,monthly,model-specific
NMME,ECCC-GEM5.2-NEMO,dynamical,2026-06-01,2026-09,3,2.7963,0.7144,2.0819,ens_007,monthly,model-specific
NMME,ECCC-GEM5.2-NEMO,dynamical,2026-06-01,2026-10,4,2.7908,0.7003,2.0905,ens_007,monthly,model-specific
NMME,ECCC-GEM5.2-NEMO,dynamical,2026-06-01,2026-11,5,2.8692,0.7104,2.1588,ens_007,monthly,model-specific
NMME,ECCC-GEM5.2-NEMO,dynamical,2026-06-01,2026-12,6,2.8254,0.7387,2.0867,ens_007,monthly,model-specific
NMME,ECCC-GEM5.2-NEMO,dynamical,2026-06-01,2027-01,7,2.597,0.7187,1.8783,ens_007,monthly,model-specific
NMME,ECCC-GEM5.2-NEMO,dynamical,2026-06-01,2027-02,8,2.0925,0.6986,1.3939,ens_007,monthly,model-specific
NMME,ECCC-GEM5.2-NEMO,dynamical,2026-06-01,2026-06,0,1.7036,0.4932,1.2104,ens_008,monthly,model-specific
NMME,ECCC-GEM5.2-NEMO,dynamical,2026-06-01,2026-07,1,2.6102,0.6577,1.9525,ens_008,monthly,model-specific
NMME,ECCC-GEM5.2-NEMO,dynamical,2026-06-01,2026-08,2,2.7553,0.6989,2.0564,ens_008,monthly,model-specific
NMME,ECCC-GEM5.2-NEMO,dynamical,2026-06-01,2026-09,3,2.6464,0.743,1.9035,ens_008,monthly,model-specific
NMME,ECCC-GEM5.2-NEMO,dynamical,2026-06-01,2026-10,4,2.5772,0.7448,1.8324,ens_008,monthly,model-specific
NMME,ECCC-GEM5.2-NEMO,dynamical,2026-06-01,2026-11,5,2.8603,0.7829,2.0774,ens_008,monthly,model-specific
NMME,ECCC-GEM5.2-NEMO,dynamical,2026-06-01,2026-12,6,2.853,0.717,2.136,ens_008,monthly,model-specific
NMME,ECCC-GEM5.2-NEMO,dynamical,2026-06-01,2027-01,7,2.588,0.6676,1.9204,ens_008,monthly,model-specific
NMME,ECCC-GEM5.2-NEMO,dynamical,2026-06-01,2027-02,8,2.3278,0.6301,1.6977,ens_008,monthly,model-specific
NMME,ECCC-GEM5.2-NEMO,dynamical,2026-06-01,2026-06,0,1.7764,0.5163,1.2601,ens_009,monthly,model-specific
NMME,ECCC-GEM5.2-NEMO,dynamical,2026-06-01,2026-07,1,2.5988,0.6194,1.9795,ens_009,monthly,model-specific
NMME,ECCC-GEM5.2-NEMO,dynamical,2026-06-01,2026-08,2,2.8883,0.691,2.1973,ens_009,monthly,model-specific
NMME,ECCC-GEM5.2-NEMO,dynamical,2026-06-01,2026-09,3,2.8601,0.6918,2.1682,ens_009,monthly,model-specific
NMME,ECCC-GEM5.2-NEMO,dynamical,2026-06-01,2026-10,4,3.0466,0.7625,2.2841,ens_009,monthly,model-specific
NMME,ECCC-GEM5.2-NEMO,dynamical,2026-06-01,2026-11,5,3.0803,0.7757,2.3046,ens_009,monthly,model-specific
NMME,ECCC-GEM5.2-NEMO,dynamical,2026-06-01,2026-12,6,3.0633,0.7733,2.29,ens_009,monthly,model-specific
NMME,ECCC-GEM5.2-NEMO,dynamical,2026-06-01,2027-01,7,2.933,0.7572,2.1758,ens_009,monthly,model-specific
NMME,ECCC-GEM5.2-NEMO,dynamical,2026-06-01,2027-02,8,2.8074,0.7499,2.0575,ens_009,monthly,model-specific
NMME,ECCC-GEM5.2-NEMO,dynamical,2026-06-01,2026-06,0,1.7647,0.5015,1.2632,ens_010,monthly,model-specific
NMME,ECCC-GEM5.2-NEMO,dynamical,2026-06-01,2026-07,1,2.5646,0.6156,1.9489,ens_010,monthly,model-specific
NMME,ECCC-GEM5.2-NEMO,dynamical,2026-06-01,2026-08,2,2.8274,0.6823,2.145,ens_010,monthly,model-specific
NMME,ECCC-GEM5.2-NEMO,dynamical,2026-06-01,2026-09,3,2.7243,0.697,2.0273,ens_010,monthly,model-specific
NMME,ECCC-GEM5.2-NEMO,dynamical,2026-06-01,2026-10,4,2.8096,0.7918,2.0178,ens_010,monthly,model-specific
NMME,ECCC-GEM5.2-NEMO,dynamical,2026-06-01,2026-11,5,2.9585,0.8066,2.1519,ens_010,monthly,model-specific
NMME,ECCC-GEM5.2-NEMO,dynamical,2026-06-01,2026-12,6,2.9689,0.8027,2.1661,ens_010,monthly,model-specific
NMME,ECCC-GEM5.2-NEMO,dynamical,2026-06-01,2027-01,7,2.9254,0.7618,2.1636,ens_010,monthly,model-specific
NMME,ECCC-GEM5.2-NEMO,dynamical,2026-06-01,2027-02,8,2.6874,0.6952,1.9922,ens_010,monthly,model-specific
NMME,ECCC-GEM5.2-NEMO,dynamical,2026-06-01,2026-06,0,1.5551,0.4755,1.0796,ens_011,monthly,model-specific
NMME,ECCC-GEM5.2-NEMO,dynamical,2026-06-01,2026-07,1,2.2602,0.5696,1.6906,ens_011,monthly,model-specific
NMME,ECCC-GEM5.2-NEMO,dynamical,2026-06-01,2026-08,2,2.4152,0.6052,1.81,ens_011,monthly,model-specific
NMME,ECCC-GEM5.2-NEMO,dynamical,2026-06-01,2026-09,3,2.5485,0.627,1.9215,ens_011,monthly,model-specific
NMME,ECCC-GEM5.2-NEMO,dynamical,2026-06-01,2026-10,4,2.6429,0.6144,2.0286,ens_011,monthly,model-specific
NMME,ECCC-GEM5.2-NEMO,dynamical,2026-06-01,2026-11,5,2.6828,0.6359,2.0469,ens_011,monthly,model-specific
NMME,ECCC-GEM5.2-NEMO,dynamical,2026-06-01,2026-12,6,2.8509,0.6749,2.176,ens_011,monthly,model-specific
NMME,ECCC-GEM5.2-NEMO,dynamical,2026-06-01,2027-01,7,2.8503,0.6691,2.1813,ens_011,monthly,model-specific
NMME,ECCC-GEM5.2-NEMO,dynamical,2026-06-01,2027-02,8,2.4968,0.6894,1.8074,ens_011,monthly,model-specific
NMME,ECCC-GEM5.2-NEMO,dynamical,2026-06-01,2026-06,0,1.6514,0.4537,1.1977,ens_012,monthly,model-specific
NMME,ECCC-GEM5.2-NEMO,dynamical,2026-06-01,2026-07,1,2.4355,0.5386,1.8969,ens_012,monthly,model-specific
NMME,ECCC-GEM5.2-NEMO,dynamical,2026-06-01,2026-08,2,2.8612,0.6109,2.2503,ens_012,monthly,model-specific
NMME,ECCC-GEM5.2-NEMO,dynamical,2026-06-01,2026-09,3,2.927,0.6392,2.2878,ens_012,monthly,model-specific
NMME,ECCC-GEM5.2-NEMO,dynamical,2026-06-01,2026-10,4,3.092,0.6666,2.4254,ens_012,monthly,model-specific
NMME,ECCC-GEM5.2-NEMO,dynamical,2026-06-01,2026-11,5,3.4083,0.6758,2.7325,ens_012,monthly,model-specific
NMME,ECCC-GEM5.2-NEMO,dynamical,2026-06-01,2026-12,6,3.6003,0.6804,2.9199,ens_012,monthly,model-specific
NMME,ECCC-GEM5.2-NEMO,dynamical,2026-06-01,2027-01,7,3.6168,0.7271,2.8897,ens_012,monthly,model-specific
NMME,ECCC-GEM5.2-NEMO,dynamical,2026-06-01,2027-02,8,3.4679,0.7277,2.7402,ens_012,monthly,model-specific
NMME,ECCC-GEM5.2-NEMO,dynamical,2026-06-01,2026-06,0,1.5959,0.4814,1.1145,ens_013,monthly,model-specific
NMME,ECCC-GEM5.2-NEMO,dynamical,2026-06-01,2026-07,1,2.3118,0.579,1.7328,ens_013,monthly,model-specific
NMME,ECCC-GEM5.2-NEMO,dynamical,2026-06-01,2026-08,2,2.5897,0.6245,1.9652,ens_013,monthly,model-specific
NMME,ECCC-GEM5.2-NEMO,dynamical,2026-06-01,2026-09,3,2.8064,0.6655,2.1409,ens_013,monthly,model-specific
NMME,ECCC-GEM5.2-NEMO,dynamical,2026-06-01,2026-10,4,2.9911,0.7153,2.2757,ens_013,monthly,model-specific
NMME,ECCC-GEM5.2-NEMO,dynamical,2026-06-01,2026-11,5,3.3205,0.7662,2.5543,ens_013,monthly,model-specific
NMME,ECCC-GEM5.2-NEMO,dynamical,2026-06-01,2026-12,6,3.5347,0.7742,2.7605,ens_013,monthly,model-specific
NMME,ECCC-GEM5.2-NEMO,dynamical,2026-06-01,2027-01,7,3.5633,0.7816,2.7816,ens_013,monthly,model-specific
NMME,ECCC-GEM5.2-NEMO,dynamical,2026-06-01,2027-02,8,3.4404,0.7847,2.6557,ens_013,monthly,model-specific
NMME,ECCC-GEM5.2-NEMO,dynamical,2026-06-01,2026-06,0,1.6585,0.4791,1.1794,ens_014,monthly,model-specific
NMME,ECCC-GEM5.2-NEMO,dynamical,2026-06-01,2026-07,1,2.521,0.6186,1.9024,ens_014,monthly,model-specific
NMME,ECCC-GEM5.2-NEMO,dynamical,2026-06-01,2026-08,2,2.8959,0.696,2.1999,ens_014,monthly,model-specific
NMME,ECCC-GEM5.2-NEMO,dynamical,2026-06-01,2026-09,3,2.8984,0.7038,2.1945,ens_014,monthly,model-specific
NMME,ECCC-GEM5.2-NEMO,dynamical,2026-06-01,2026-10,4,3.0815,0.7524,2.3291,ens_014,monthly,model-specific
NMME,ECCC-GEM5.2-NEMO,dynamical,2026-06-01,2026-11,5,3.3594,0.7506,2.6089,ens_014,monthly,model-specific
NMME,ECCC-GEM5.2-NEMO,dynamical,2026-06-01,2026-12,6,3.4922,0.6799,2.8123,ens_014,monthly,model-specific
NMME,ECCC-GEM5.2-NEMO,dynamical,2026-06-01,2027-01,7,3.4167,0.6948,2.7218,ens_014,monthly,model-specific
NMME,ECCC-GEM5.2-NEMO,dynamical,2026-06-01,2027-02,8,3.3001,0.676,2.6241,ens_014,monthly,model-specific
NMME,ECCC-GEM5.2-NEMO,dynamical,2026-06-01,2026-06,0,1.6149,0.4446,1.1703,ens_015,monthly,model-specific
NMME,ECCC-GEM5.2-NEMO,dynamical,2026-06-01,2026-07,1,2.3407,0.5421,1.7985,ens_015,monthly,model-specific
NMME,ECCC-GEM5.2-NEMO,dynamical,2026-06-01,2026-08,2,2.7609,0.5725,2.1884,ens_015,monthly,model-specific
NMME,ECCC-GEM5.2-NEMO,dynamical,2026-06-01,2026-09,3,2.8719,0.626,2.2459,ens_015,monthly,model-specific
NMME,ECCC-GEM5.2-NEMO,dynamical,2026-06-01,2026-10,4,3.0229,0.7,2.3229,ens_015,monthly,model-specific
NMME,ECCC-GEM5.2-NEMO,dynamical,2026-06-01,2026-11,5,3.2791,0.755,2.5241,ens_015,monthly,model-specific
NMME,ECCC-GEM5.2-NEMO,dynamical,2026-06-01,2026-12,6,3.4377,0.7517,2.686,ens_015,monthly,model-specific
NMME,ECCC-GEM5.2-NEMO,dynamical,2026-06-01,2027-01,7,3.4092,0.7513,2.6579,ens_015,monthly,model-specific
NMME,ECCC-GEM5.2-NEMO,dynamical,2026-06-01,2027-02,8,2.9313,0.7553,2.176,ens_015,monthly,model-specific
NMME,ECCC-GEM5.2-NEMO,dynamical,2026-06-01,2026-06,0,1.6004,0.4566,1.1438,ens_016,monthly,model-specific
NMME,ECCC-GEM5.2-NEMO,dynamical,2026-06-01,2026-07,1,2.2523,0.5534,1.6989,ens_016,monthly,model-specific
NMME,ECCC-GEM5.2-NEMO,dynamical,2026-06-01,2026-08,2,2.3526,0.5702,1.7824,ens_016,monthly,model-specific
NMME,ECCC-GEM5.2-NEMO,dynamical,2026-06-01,2026-09,3,2.2959,0.618,1.6779,ens_016,monthly,model-specific
NMME,ECCC-GEM5.2-NEMO,dynamical,2026-06-01,2026-10,4,2.1767,0.6021,1.5746,ens_016,monthly,model-specific
NMME,ECCC-GEM5.2-NEMO,dynamical,2026-06-01,2026-11,5,2.37,0.646,1.724,ens_016,monthly,model-specific
NMME,ECCC-GEM5.2-NEMO,dynamical,2026-06-01,2026-12,6,2.3911,0.6702,1.7209,ens_016,monthly,model-specific
NMME,ECCC-GEM5.2-NEMO,dynamical,2026-06-01,2027-01,7,2.4127,0.6447,1.768,ens_016,monthly,model-specific
NMME,ECCC-GEM5.2-NEMO,dynamical,2026-06-01,2027-02,8,2.3786,0.6039,1.7746,ens_016,monthly,model-specific
NMME,ECCC-GEM5.2-NEMO,dynamical,2026-06-01,2026-06,0,1.6402,0.4424,1.1978,ens_017,monthly,model-specific
NMME,ECCC-GEM5.2-NEMO,dynamical,2026-06-01,2026-07,1,2.3682,0.5644,1.8038,ens_017,monthly,model-specific
NMME,ECCC-GEM5.2-NEMO,dynamical,2026-06-01,2026-08,2,2.6919,0.639,2.0529,ens_017,monthly,model-specific
NMME,ECCC-GEM5.2-NEMO,dynamical,2026-06-01,2026-09,3,2.8464,0.6927,2.1537,ens_017,monthly,model-specific
NMME,ECCC-GEM5.2-NEMO,dynamical,2026-06-01,2026-10,4,2.8089,0.6626,2.1463,ens_017,monthly,model-specific
NMME,ECCC-GEM5.2-NEMO,dynamical,2026-06-01,2026-11,5,3.1317,0.7176,2.414,ens_017,monthly,model-specific
NMME,ECCC-GEM5.2-NEMO,dynamical,2026-06-01,2026-12,6,3.2059,0.7317,2.4742,ens_017,monthly,model-specific
NMME,ECCC-GEM5.2-NEMO,dynamical,2026-06-01,2027-01,7,2.8882,0.7167,2.1715,ens_017,monthly,model-specific
NMME,ECCC-GEM5.2-NEMO,dynamical,2026-06-01,2027-02,8,2.4547,0.6807,1.7739,ens_017,monthly,model-specific
NMME,ECCC-GEM5.2-NEMO,dynamical,2026-06-01,2026-06,0,1.6481,0.4704,1.1777,ens_018,monthly,model-specific
NMME,ECCC-GEM5.2-NEMO,dynamical,2026-06-01,2026-07,1,2.5686,0.5717,1.9969,ens_018,monthly,model-specific
NMME,ECCC-GEM5.2-NEMO,dynamical,2026-06-01,2026-08,2,2.7057,0.6073,2.0983,ens_018,monthly,model-specific
NMME,ECCC-GEM5.2-NEMO,dynamical,2026-06-01,2026-09,3,2.6565,0.6215,2.0351,ens_018,monthly,model-specific
NMME,ECCC-GEM5.2-NEMO,dynamical,2026-06-01,2026-10,4,2.7368,0.6671,2.0696,ens_018,monthly,model-specific
NMME,ECCC-GEM5.2-NEMO,dynamical,2026-06-01,2026-11,5,2.8373,0.7068,2.1305,ens_018,monthly,model-specific
NMME,ECCC-GEM5.2-NEMO,dynamical,2026-06-01,2026-12,6,3.0191,0.7214,2.2977,ens_018,monthly,model-specific
NMME,ECCC-GEM5.2-NEMO,dynamical,2026-06-01,2027-01,7,3.0061,0.7115,2.2946,ens_018,monthly,model-specific
NMME,ECCC-GEM5.2-NEMO,dynamical,2026-06-01,2027-02,8,2.8173,0.7053,2.112,ens_018,monthly,model-specific
NMME,ECCC-GEM5.2-NEMO,dynamical,2026-06-01,2026-06,0,1.6275,0.452,1.1756,ens_019,monthly,model-specific
NMME,ECCC-GEM5.2-NEMO,dynamical,2026-06-01,2026-07,1,2.5134,0.5875,1.9259,ens_019,monthly,model-specific
NMME,ECCC-GEM5.2-NEMO,dynamical,2026-06-01,2026-08,2,3.1258,0.6756,2.4502,ens_019,monthly,model-specific
NMME,ECCC-GEM5.2-NEMO,dynamical,2026-06-01,2026-09,3,3.2308,0.7419,2.489,ens_019,monthly,model-specific
NMME,ECCC-GEM5.2-NEMO,dynamical,2026-06-01,2026-10,4,3.4328,0.7559,2.6769,ens_019,monthly,model-specific
NMME,ECCC-GEM5.2-NEMO,dynamical,2026-06-01,2026-11,5,3.6251,0.7785,2.8466,ens_019,monthly,model-specific
NMME,ECCC-GEM5.2-NEMO,dynamical,2026-06-01,2026-12,6,3.8359,0.8143,3.0215,ens_019,monthly,model-specific
NMME,ECCC-GEM5.2-NEMO,dynamical,2026-06-01,2027-01,7,3.7675,0.8127,2.9548,ens_019,monthly,model-specific
NMME,ECCC-GEM5.2-NEMO,dynamical,2026-06-01,2027-02,8,3.55,0.8583,2.6917,ens_019,monthly,model-specific
NMME,ECCC-GEM5.2-NEMO,dynamical,2026-06-01,2026-06,0,1.6176,0.4478,1.1698,ens_020,monthly,model-specific
NMME,ECCC-GEM5.2-NEMO,dynamical,2026-06-01,2026-07,1,2.225,0.5665,1.6585,ens_020,monthly,model-specific
NMME,ECCC-GEM5.2-NEMO,dynamical,2026-06-01,2026-08,2,2.5453,0.5949,1.9505,ens_020,monthly,model-specific
NMME,ECCC-GEM5.2-NEMO,dynamical,2026-06-01,2026-09,3,2.5852,0.6356,1.9496,ens_020,monthly,model-specific
NMME,ECCC-GEM5.2-NEMO,dynamical,2026-06-01,2026-10,4,2.6846,0.6656,2.019,ens_020,monthly,model-specific
NMME,ECCC-GEM5.2-NEMO,dynamical,2026-06-01,2026-11,5,2.7656,0.7214,2.0442,ens_020,monthly,model-specific
NMME,ECCC-GEM5.2-NEMO,dynamical,2026-06-01,2026-12,6,2.7192,0.6816,2.0376,ens_020,monthly,model-specific
NMME,ECCC-GEM5.2-NEMO,dynamical,2026-06-01,2027-01,7,2.4264,0.7147,1.7117,ens_020,monthly,model-specific
NMME,ECCC-GEM5.2-NEMO,dynamical,2026-06-01,2027-02,8,2.0057,0.6513,1.3544,ens_020,monthly,model-specific
NMME,ECCC-GEM5.2-NEMO,dynamical,2026-06-01,2026-06,0,1.6748,0.4802,1.1946,mean,monthly,model-specific
NMME,ECCC-GEM5.2-NEMO,dynamical,2026-06-01,2026-07,1,2.4672,0.5868,1.8804,mean,monthly,model-specific
NMME,ECCC-GEM5.2-NEMO,dynamical,2026-06-01,2026-08,2,2.7509,0.6427,2.1083,mean,monthly,model-specific
NMME,ECCC-GEM5.2-NEMO,dynamical,2026-06-01,2026-09,3,2.7667,0.6732,2.0935,mean,monthly,model-specific
NMME,ECCC-GEM5.2-NEMO,dynamical,2026-06-01,2026-10,4,2.8331,0.7035,2.1296,mean,monthly,model-specific
NMME,ECCC-GEM5.2-NEMO,dynamical,2026-06-01,2026-11,5,3.0156,0.7223,2.2933,mean,monthly,model-specific
NMME,ECCC-GEM5.2-NEMO,dynamical,2026-06-01,2026-12,6,3.12,0.7228,2.3972,mean,monthly,model-specific
NMME,ECCC-GEM5.2-NEMO,dynamical,2026-06-01,2027-01,7,3.0075,0.7161,2.2915,mean,monthly,model-specific
NMME,ECCC-GEM5.2-NEMO,dynamical,2026-06-01,2027-02,8,2.7593,0.6964,2.0628,mean,monthly,model-specific
NMME,NCAR-CESM1,dynamical,2026-06-01,2026-06,0,1.4818,0.5095,0.9723,ens_001,monthly,model-specific
NMME,NCAR-CESM1,dynamical,2026-06-01,2026-07,1,2.4677,0.613,1.8547,ens_001,monthly,model-specific
NMME,NCAR-CESM1,dynamical,2026-06-01,2026-08,2,3.6239,0.708,2.916,ens_001,monthly,model-specific
NMME,NCAR-CESM1,dynamical,2026-06-01,2026-09,3,4.1729,0.7757,3.3972,ens_001,monthly,model-specific
NMME,NCAR-CESM1,dynamical,2026-06-01,2026-10,4,4.4069,0.8814,3.5256,ens_001,monthly,model-specific
NMME,NCAR-CESM1,dynamical,2026-06-01,2026-11,5,4.5972,0.9264,3.6708,ens_001,monthly,model-specific
NMME,NCAR-CESM1,dynamical,2026-06-01,2026-12,6,4.4704,1.0246,3.4458,ens_001,monthly,model-specific
NMME,NCAR-CESM1,dynamical,2026-06-01,2027-01,7,4.2728,1.023,3.2498,ens_001,monthly,model-specific
NMME,NCAR-CESM1,dynamical,2026-06-01,2027-02,8,4.0012,0.9629,3.0382,ens_001,monthly,model-specific
NMME,NCAR-CESM1,dynamical,2026-06-01,2026-06,0,1.4794,0.5251,0.9543,ens_002,monthly,model-specific
NMME,NCAR-CESM1,dynamical,2026-06-01,2026-07,1,2.3388,0.636,1.7028,ens_002,monthly,model-specific
NMME,NCAR-CESM1,dynamical,2026-06-01,2026-08,2,3.8236,0.8252,2.9984,ens_002,monthly,model-specific
NMME,NCAR-CESM1,dynamical,2026-06-01,2026-09,3,4.3452,0.8484,3.4968,ens_002,monthly,model-specific
NMME,NCAR-CESM1,dynamical,2026-06-01,2026-10,4,4.8122,0.9549,3.8573,ens_002,monthly,model-specific
NMME,NCAR-CESM1,dynamical,2026-06-01,2026-11,5,5.0054,1.1362,3.8691,ens_002,monthly,model-specific
NMME,NCAR-CESM1,dynamical,2026-06-01,2026-12,6,4.8545,1.2203,3.6342,ens_002,monthly,model-specific
NMME,NCAR-CESM1,dynamical,2026-06-01,2027-01,7,4.5669,1.1892,3.3777,ens_002,monthly,model-specific
NMME,NCAR-CESM1,dynamical,2026-06-01,2027-02,8,4.1019,1.1503,2.9516,ens_002,monthly,model-specific
NMME,NCAR-CESM1,dynamical,2026-06-01,2026-06,0,1.439,0.5001,0.9389,ens_003,monthly,model-specific
NMME,NCAR-CESM1,dynamical,2026-06-01,2026-07,1,2.3242,0.5724,1.7518,ens_003,monthly,model-specific
NMME,NCAR-CESM1,dynamical,2026-06-01,2026-08,2,3.6048,0.6546,2.9502,ens_003,monthly,model-specific
NMME,NCAR-CESM1,dynamical,2026-06-01,2026-09,3,4.5344,0.7955,3.7389,ens_003,monthly,model-specific
NMME,NCAR-CESM1,dynamical,2026-06-01,2026-10,4,4.8272,0.8601,3.9671,ens_003,monthly,model-specific
NMME,NCAR-CESM1,dynamical,2026-06-01,2026-11,5,4.9985,1.0184,3.98,ens_003,monthly,model-specific
NMME,NCAR-CESM1,dynamical,2026-06-01,2026-12,6,4.5423,1.1405,3.4018,ens_003,monthly,model-specific
NMME,NCAR-CESM1,dynamical,2026-06-01,2027-01,7,4.4202,1.1138,3.3065,ens_003,monthly,model-specific
NMME,NCAR-CESM1,dynamical,2026-06-01,2027-02,8,4.059,1.0619,2.9971,ens_003,monthly,model-specific
NMME,NCAR-CESM1,dynamical,2026-06-01,2026-06,0,1.44,0.5075,0.9324,ens_004,monthly,model-specific
NMME,NCAR-CESM1,dynamical,2026-06-01,2026-07,1,2.4219,0.6307,1.7912,ens_004,monthly,model-specific
NMME,NCAR-CESM1,dynamical,2026-06-01,2026-08,2,3.8857,0.8185,3.0672,ens_004,monthly,model-specific
NMME,NCAR-CESM1,dynamical,2026-06-01,2026-09,3,4.7243,0.9238,3.8005,ens_004,monthly,model-specific
NMME,NCAR-CESM1,dynamical,2026-06-01,2026-10,4,4.9484,0.9901,3.9583,ens_004,monthly,model-specific
NMME,NCAR-CESM1,dynamical,2026-06-01,2026-11,5,5.0184,1.0992,3.9192,ens_004,monthly,model-specific
NMME,NCAR-CESM1,dynamical,2026-06-01,2026-12,6,4.9754,1.1642,3.8112,ens_004,monthly,model-specific
NMME,NCAR-CESM1,dynamical,2026-06-01,2027-01,7,4.5614,1.2027,3.3587,ens_004,monthly,model-specific
NMME,NCAR-CESM1,dynamical,2026-06-01,2027-02,8,3.8866,1.1266,2.76,ens_004,monthly,model-specific
NMME,NCAR-CESM1,dynamical,2026-06-01,2026-06,0,1.454,0.4931,0.9609,ens_005,monthly,model-specific
NMME,NCAR-CESM1,dynamical,2026-06-01,2026-07,1,2.4974,0.6186,1.8788,ens_005,monthly,model-specific
NMME,NCAR-CESM1,dynamical,2026-06-01,2026-08,2,3.941,0.8024,3.1386,ens_005,monthly,model-specific
NMME,NCAR-CESM1,dynamical,2026-06-01,2026-09,3,4.5076,0.8981,3.6094,ens_005,monthly,model-specific
NMME,NCAR-CESM1,dynamical,2026-06-01,2026-10,4,4.6663,0.9734,3.6929,ens_005,monthly,model-specific
NMME,NCAR-CESM1,dynamical,2026-06-01,2026-11,5,4.8269,1.1362,3.6907,ens_005,monthly,model-specific
NMME,NCAR-CESM1,dynamical,2026-06-01,2026-12,6,4.8797,1.1549,3.7248,ens_005,monthly,model-specific
NMME,NCAR-CESM1,dynamical,2026-06-01,2027-01,7,4.7142,1.1905,3.5237,ens_005,monthly,model-specific
NMME,NCAR-CESM1,dynamical,2026-06-01,2027-02,8,4.2682,1.2076,3.0605,ens_005,monthly,model-specific
NMME,NCAR-CESM1,dynamical,2026-06-01,2026-06,0,1.495,0.5185,0.9765,ens_006,monthly,model-specific
NMME,NCAR-CESM1,dynamical,2026-06-01,2026-07,1,2.4821,0.672,1.8101,ens_006,monthly,model-specific
NMME,NCAR-CESM1,dynamical,2026-06-01,2026-08,2,3.7805,0.7854,2.9951,ens_006,monthly,model-specific
NMME,NCAR-CESM1,dynamical,2026-06-01,2026-09,3,4.4138,0.9393,3.4745,ens_006,monthly,model-specific
NMME,NCAR-CESM1,dynamical,2026-06-01,2026-10,4,4.7357,1.067,3.6687,ens_006,monthly,model-specific
NMME,NCAR-CESM1,dynamical,2026-06-01,2026-11,5,4.8849,1.163,3.7219,ens_006,monthly,model-specific
NMME,NCAR-CESM1,dynamical,2026-06-01,2026-12,6,4.9727,1.2437,3.729,ens_006,monthly,model-specific
NMME,NCAR-CESM1,dynamical,2026-06-01,2027-01,7,4.5345,1.2274,3.3071,ens_006,monthly,model-specific
NMME,NCAR-CESM1,dynamical,2026-06-01,2027-02,8,4.1852,1.2143,2.9709,ens_006,monthly,model-specific
NMME,NCAR-CESM1,dynamical,2026-06-01,2026-06,0,1.4668,0.4973,0.9695,ens_007,monthly,model-specific
NMME,NCAR-CESM1,dynamical,2026-06-01,2026-07,1,2.5109,0.6283,1.8826,ens_007,monthly,model-specific
NMME,NCAR-CESM1,dynamical,2026-06-01,2026-08,2,3.7978,0.7307,3.0671,ens_007,monthly,model-specific
NMME,NCAR-CESM1,dynamical,2026-06-01,2026-09,3,4.4459,0.9221,3.5238,ens_007,monthly,model-specific
NMME,NCAR-CESM1,dynamical,2026-06-01,2026-10,4,4.5459,1.0047,3.5412,ens_007,monthly,model-specific
NMME,NCAR-CESM1,dynamical,2026-06-01,2026-11,5,4.6888,1.0361,3.6527,ens_007,monthly,model-specific
NMME,NCAR-CESM1,dynamical,2026-06-01,2026-12,6,4.6933,1.0749,3.6184,ens_007,monthly,model-specific
NMME,NCAR-CESM1,dynamical,2026-06-01,2027-01,7,4.4645,1.1336,3.3309,ens_007,monthly,model-specific
NMME,NCAR-CESM1,dynamical,2026-06-01,2027-02,8,4.1196,1.1011,3.0185,ens_007,monthly,model-specific
NMME,NCAR-CESM1,dynamical,2026-06-01,2026-06,0,1.4721,0.5052,0.9669,ens_008,monthly,model-specific
NMME,NCAR-CESM1,dynamical,2026-06-01,2026-07,1,2.5779,0.6778,1.9,ens_008,monthly,model-specific
NMME,NCAR-CESM1,dynamical,2026-06-01,2026-08,2,3.7119,0.8207,2.8912,ens_008,monthly,model-specific
NMME,NCAR-CESM1,dynamical,2026-06-01,2026-09,3,4.4396,0.8925,3.5471,ens_008,monthly,model-specific
NMME,NCAR-CESM1,dynamical,2026-06-01,2026-10,4,4.8826,1.0203,3.8623,ens_008,monthly,model-specific
NMME,NCAR-CESM1,dynamical,2026-06-01,2026-11,5,5.1996,1.1231,4.0765,ens_008,monthly,model-specific
NMME,NCAR-CESM1,dynamical,2026-06-01,2026-12,6,4.7595,1.158,3.6015,ens_008,monthly,model-specific
NMME,NCAR-CESM1,dynamical,2026-06-01,2027-01,7,4.4734,1.1489,3.3246,ens_008,monthly,model-specific
NMME,NCAR-CESM1,dynamical,2026-06-01,2027-02,8,3.9979,1.1403,2.8576,ens_008,monthly,model-specific
NMME,NCAR-CESM1,dynamical,2026-06-01,2026-06,0,1.44,0.5158,0.9242,ens_009,monthly,model-specific
NMME,NCAR-CESM1,dynamical,2026-06-01,2026-07,1,2.4283,0.6347,1.7936,ens_009,monthly,model-specific
NMME,NCAR-CESM1,dynamical,2026-06-01,2026-08,2,3.6893,0.7817,2.9076,ens_009,monthly,model-specific
NMME,NCAR-CESM1,dynamical,2026-06-01,2026-09,3,4.3864,0.8873,3.499,ens_009,monthly,model-specific
NMME,NCAR-CESM1,dynamical,2026-06-01,2026-10,4,4.8907,0.9632,3.9275,ens_009,monthly,model-specific
NMME,NCAR-CESM1,dynamical,2026-06-01,2026-11,5,4.9973,1.0526,3.9447,ens_009,monthly,model-specific
NMME,NCAR-CESM1,dynamical,2026-06-01,2026-12,6,4.872,1.107,3.765,ens_009,monthly,model-specific
NMME,NCAR-CESM1,dynamical,2026-06-01,2027-01,7,4.5755,1.0966,3.4789,ens_009,monthly,model-specific
NMME,NCAR-CESM1,dynamical,2026-06-01,2027-02,8,3.9033,1.0878,2.8155,ens_009,monthly,model-specific
NMME,NCAR-CESM1,dynamical,2026-06-01,2026-06,0,1.4411,0.5127,0.9284,ens_010,monthly,model-specific
NMME,NCAR-CESM1,dynamical,2026-06-01,2026-07,1,2.5287,0.6225,1.9063,ens_010,monthly,model-specific
NMME,NCAR-CESM1,dynamical,2026-06-01,2026-08,2,4.0025,0.8511,3.1514,ens_010,monthly,model-specific
NMME,NCAR-CESM1,dynamical,2026-06-01,2026-09,3,4.7197,0.9125,3.8072,ens_010,monthly,model-specific
NMME,NCAR-CESM1,dynamical,2026-06-01,2026-10,4,5.0929,1.0323,4.0606,ens_010,monthly,model-specific
NMME,NCAR-CESM1,dynamical,2026-06-01,2026-11,5,5.1656,1.1653,4.0003,ens_010,monthly,model-specific
NMME,NCAR-CESM1,dynamical,2026-06-01,2026-12,6,5.1088,1.1765,3.9322,ens_010,monthly,model-specific
NMME,NCAR-CESM1,dynamical,2026-06-01,2027-01,7,4.7368,1.1778,3.559,ens_010,monthly,model-specific
NMME,NCAR-CESM1,dynamical,2026-06-01,2027-02,8,3.9961,1.0811,2.9151,ens_010,monthly,model-specific
NMME,NCAR-CESM1,dynamical,2026-06-01,2026-06,0,1.4609,0.5085,0.9524,mean,monthly,model-specific
NMME,NCAR-CESM1,dynamical,2026-06-01,2026-07,1,2.4578,0.6306,1.8272,mean,monthly,model-specific
NMME,NCAR-CESM1,dynamical,2026-06-01,2026-08,2,3.7861,0.7778,3.0083,mean,monthly,model-specific
NMME,NCAR-CESM1,dynamical,2026-06-01,2026-09,3,4.469,0.8795,3.5895,mean,monthly,model-specific
NMME,NCAR-CESM1,dynamical,2026-06-01,2026-10,4,4.7809,0.9747,3.8061,mean,monthly,model-specific
NMME,NCAR-CESM1,dynamical,2026-06-01,2026-11,5,4.9383,1.0857,3.8526,mean,monthly,model-specific
NMME,NCAR-CESM1,dynamical,2026-06-01,2026-12,6,4.8128,1.1465,3.6664,mean,monthly,model-specific
NMME,NCAR-CESM1,dynamical,2026-06-01,2027-01,7,4.532,1.1503,3.3817,mean,monthly,model-specific
NMME,NCAR-CESM1,dynamical,2026-06-01,2027-02,8,4.0519,1.1134,2.9385,mean,monthly,model-specific
NMME,NCAR-CCSM4,dynamical,2026-06-01,2026-06,0,1.3107,0.3707,0.9401,ens_001,monthly,model-specific
NMME,NCAR-CCSM4,dynamical,2026-06-01,2026-07,1,1.7586,0.3487,1.4098,ens_001,monthly,model-specific
NMME,NCAR-CCSM4,dynamical,2026-06-01,2026-08,2,2.3487,0.3093,2.0394,ens_001,monthly,model-specific
NMME,NCAR-CCSM4,dynamical,2026-06-01,2026-09,3,2.8586,0.3568,2.5018,ens_001,monthly,model-specific
NMME,NCAR-CCSM4,dynamical,2026-06-01,2026-10,4,3.0608,0.4199,2.6409,ens_001,monthly,model-specific
NMME,NCAR-CCSM4,dynamical,2026-06-01,2026-11,5,2.7602,0.4023,2.3579,ens_001,monthly,model-specific
NMME,NCAR-CCSM4,dynamical,2026-06-01,2026-12,6,2.4171,0.3739,2.0431,ens_001,monthly,model-specific
NMME,NCAR-CCSM4,dynamical,2026-06-01,2027-01,7,2.301,0.3778,1.9232,ens_001,monthly,model-specific
NMME,NCAR-CCSM4,dynamical,2026-06-01,2027-02,8,1.688,0.2953,1.3927,ens_001,monthly,model-specific
NMME,NCAR-CCSM4,dynamical,2026-06-01,2026-06,0,1.3046,0.421,0.8835,ens_002,monthly,model-specific
NMME,NCAR-CCSM4,dynamical,2026-06-01,2026-07,1,1.8337,0.4429,1.3908,ens_002,monthly,model-specific
NMME,NCAR-CCSM4,dynamical,2026-06-01,2026-08,2,2.3436,0.4894,1.8541,ens_002,monthly,model-specific
NMME,NCAR-CCSM4,dynamical,2026-06-01,2026-09,3,2.8149,0.5877,2.2272,ens_002,monthly,model-specific
NMME,NCAR-CCSM4,dynamical,2026-06-01,2026-10,4,3.0905,0.6176,2.4729,ens_002,monthly,model-specific
NMME,NCAR-CCSM4,dynamical,2026-06-01,2026-11,5,3.3873,0.8258,2.5615,ens_002,monthly,model-specific
NMME,NCAR-CCSM4,dynamical,2026-06-01,2026-12,6,3.1231,0.8231,2.3,ens_002,monthly,model-specific
NMME,NCAR-CCSM4,dynamical,2026-06-01,2027-01,7,2.7271,0.7919,1.9352,ens_002,monthly,model-specific
NMME,NCAR-CCSM4,dynamical,2026-06-01,2027-02,8,2.1288,0.7237,1.4051,ens_002,monthly,model-specific
NMME,NCAR-CCSM4,dynamical,2026-06-01,2026-06,0,1.3397,0.4206,0.9192,ens_003,monthly,model-specific
NMME,NCAR-CCSM4,dynamical,2026-06-01,2026-07,1,1.978,0.4462,1.5319,ens_003,monthly,model-specific
NMME,NCAR-CCSM4,dynamical,2026-06-01,2026-08,2,2.7075,0.5144,2.1932,ens_003,monthly,model-specific
NMME,NCAR-CCSM4,dynamical,2026-06-01,2026-09,3,3.2335,0.6432,2.5903,ens_003,monthly,model-specific
NMME,NCAR-CCSM4,dynamical,2026-06-01,2026-10,4,3.5384,0.7761,2.7624,ens_003,monthly,model-specific
NMME,NCAR-CCSM4,dynamical,2026-06-01,2026-11,5,3.5892,0.8483,2.7409,ens_003,monthly,model-specific
NMME,NCAR-CCSM4,dynamical,2026-06-01,2026-12,6,2.8247,0.7793,2.0454,ens_003,monthly,model-specific
NMME,NCAR-CCSM4,dynamical,2026-06-01,2027-01,7,2.8354,0.81,2.0254,ens_003,monthly,model-specific
NMME,NCAR-CCSM4,dynamical,2026-06-01,2027-02,8,2.4418,0.7546,1.6872,ens_003,monthly,model-specific
NMME,NCAR-CCSM4,dynamical,2026-06-01,2026-06,0,1.2871,0.3993,0.8878,ens_004,monthly,model-specific
NMME,NCAR-CCSM4,dynamical,2026-06-01,2026-07,1,1.9284,0.4499,1.4785,ens_004,monthly,model-specific
NMME,NCAR-CCSM4,dynamical,2026-06-01,2026-08,2,2.413,0.4491,1.9639,ens_004,monthly,model-specific
NMME,NCAR-CCSM4,dynamical,2026-06-01,2026-09,3,2.8851,0.5243,2.3608,ens_004,monthly,model-specific
NMME,NCAR-CCSM4,dynamical,2026-06-01,2026-10,4,3.0485,0.6202,2.4283,ens_004,monthly,model-specific
NMME,NCAR-CCSM4,dynamical,2026-06-01,2026-11,5,3.2412,0.7142,2.527,ens_004,monthly,model-specific
NMME,NCAR-CCSM4,dynamical,2026-06-01,2026-12,6,2.8868,0.7155,2.1712,ens_004,monthly,model-specific
NMME,NCAR-CCSM4,dynamical,2026-06-01,2027-01,7,2.4566,0.7168,1.7398,ens_004,monthly,model-specific
NMME,NCAR-CCSM4,dynamical,2026-06-01,2027-02,8,1.9123,0.6337,1.2785,ens_004,monthly,model-specific
NMME,NCAR-CCSM4,dynamical,2026-06-01,2026-06,0,1.3303,0.3989,0.9313,ens_005,monthly,model-specific
NMME,NCAR-CCSM4,dynamical,2026-06-01,2026-07,1,1.9642,0.3967,1.5675,ens_005,monthly,model-specific
NMME,NCAR-CCSM4,dynamical,2026-06-01,2026-08,2,2.6051,0.4769,2.1282,ens_005,monthly,model-specific
NMME,NCAR-CCSM4,dynamical,2026-06-01,2026-09,3,3.1503,0.5803,2.57,ens_005,monthly,model-specific
NMME,NCAR-CCSM4,dynamical,2026-06-01,2026-10,4,3.3493,0.6668,2.6825,ens_005,monthly,model-specific
NMME,NCAR-CCSM4,dynamical,2026-06-01,2026-11,5,3.262,0.7093,2.5527,ens_005,monthly,model-specific
NMME,NCAR-CCSM4,dynamical,2026-06-01,2026-12,6,2.945,0.7583,2.1867,ens_005,monthly,model-specific
NMME,NCAR-CCSM4,dynamical,2026-06-01,2027-01,7,2.541,0.7664,1.7746,ens_005,monthly,model-specific
NMME,NCAR-CCSM4,dynamical,2026-06-01,2027-02,8,2.0301,0.7969,1.2332,ens_005,monthly,model-specific
NMME,NCAR-CCSM4,dynamical,2026-06-01,2026-06,0,1.3288,0.4007,0.9281,ens_006,monthly,model-specific
NMME,NCAR-CCSM4,dynamical,2026-06-01,2026-07,1,1.9249,0.4202,1.5047,ens_006,monthly,model-specific
NMME,NCAR-CCSM4,dynamical,2026-06-01,2026-08,2,2.6075,0.4484,2.1591,ens_006,monthly,model-specific
NMME,NCAR-CCSM4,dynamical,2026-06-01,2026-09,3,3.1194,0.5927,2.5267,ens_006,monthly,model-specific
NMME,NCAR-CCSM4,dynamical,2026-06-01,2026-10,4,3.2997,0.6955,2.6042,ens_006,monthly,model-specific
NMME,NCAR-CCSM4,dynamical,2026-06-01,2026-11,5,3.3613,0.8116,2.5496,ens_006,monthly,model-specific
NMME,NCAR-CCSM4,dynamical,2026-06-01,2026-12,6,2.9927,0.8139,2.1788,ens_006,monthly,model-specific
NMME,NCAR-CCSM4,dynamical,2026-06-01,2027-01,7,2.7056,0.7673,1.9383,ens_006,monthly,model-specific
NMME,NCAR-CCSM4,dynamical,2026-06-01,2027-02,8,2.4936,0.7158,1.7779,ens_006,monthly,model-specific
NMME,NCAR-CCSM4,dynamical,2026-06-01,2026-06,0,1.3625,0.418,0.9445,ens_007,monthly,model-specific
NMME,NCAR-CCSM4,dynamical,2026-06-01,2026-07,1,1.8917,0.4199,1.4717,ens_007,monthly,model-specific
NMME,NCAR-CCSM4,dynamical,2026-06-01,2026-08,2,2.285,0.3793,1.9057,ens_007,monthly,model-specific
NMME,NCAR-CCSM4,dynamical,2026-06-01,2026-09,3,2.6738,0.4854,2.1884,ens_007,monthly,model-specific
NMME,NCAR-CCSM4,dynamical,2026-06-01,2026-10,4,2.9183,0.6304,2.2879,ens_007,monthly,model-specific
NMME,NCAR-CCSM4,dynamical,2026-06-01,2026-11,5,3.1113,0.6709,2.4405,ens_007,monthly,model-specific
NMME,NCAR-CCSM4,dynamical,2026-06-01,2026-12,6,2.8299,0.6633,2.1667,ens_007,monthly,model-specific
NMME,NCAR-CCSM4,dynamical,2026-06-01,2027-01,7,2.6375,0.7274,1.9101,ens_007,monthly,model-specific
NMME,NCAR-CCSM4,dynamical,2026-06-01,2027-02,8,2.0261,0.6465,1.3796,ens_007,monthly,model-specific
NMME,NCAR-CCSM4,dynamical,2026-06-01,2026-06,0,1.3128,0.4041,0.9087,ens_008,monthly,model-specific
NMME,NCAR-CCSM4,dynamical,2026-06-01,2026-07,1,1.9721,0.4788,1.4933,ens_008,monthly,model-specific
NMME,NCAR-CCSM4,dynamical,2026-06-01,2026-08,2,2.4315,0.4931,1.9384,ens_008,monthly,model-specific
NMME,NCAR-CCSM4,dynamical,2026-06-01,2026-09,3,2.883,0.5272,2.3558,ens_008,monthly,model-specific
NMME,NCAR-CCSM4,dynamical,2026-06-01,2026-10,4,2.9764,0.6604,2.316,ens_008,monthly,model-specific
NMME,NCAR-CCSM4,dynamical,2026-06-01,2026-11,5,2.9713,0.7327,2.2385,ens_008,monthly,model-specific
NMME,NCAR-CCSM4,dynamical,2026-06-01,2026-12,6,2.8021,0.7888,2.0132,ens_008,monthly,model-specific
NMME,NCAR-CCSM4,dynamical,2026-06-01,2027-01,7,2.6744,0.8227,1.8517,ens_008,monthly,model-specific
NMME,NCAR-CCSM4,dynamical,2026-06-01,2027-02,8,2.4021,0.817,1.5851,ens_008,monthly,model-specific
NMME,NCAR-CCSM4,dynamical,2026-06-01,2026-06,0,1.3443,0.3952,0.9491,ens_009,monthly,model-specific
NMME,NCAR-CCSM4,dynamical,2026-06-01,2026-07,1,1.8952,0.4523,1.4429,ens_009,monthly,model-specific
NMME,NCAR-CCSM4,dynamical,2026-06-01,2026-08,2,2.4497,0.5019,1.9478,ens_009,monthly,model-specific
NMME,NCAR-CCSM4,dynamical,2026-06-01,2026-09,3,2.9812,0.6084,2.3727,ens_009,monthly,model-specific
NMME,NCAR-CCSM4,dynamical,2026-06-01,2026-10,4,3.1316,0.6629,2.4687,ens_009,monthly,model-specific
NMME,NCAR-CCSM4,dynamical,2026-06-01,2026-11,5,3.1189,0.7733,2.3456,ens_009,monthly,model-specific
NMME,NCAR-CCSM4,dynamical,2026-06-01,2026-12,6,3.0972,0.8353,2.262,ens_009,monthly,model-specific
NMME,NCAR-CCSM4,dynamical,2026-06-01,2027-01,7,2.5704,0.8274,1.743,ens_009,monthly,model-specific
NMME,NCAR-CCSM4,dynamical,2026-06-01,2027-02,8,2.1533,0.7439,1.4094,ens_009,monthly,model-specific
NMME,NCAR-CCSM4,dynamical,2026-06-01,2026-06,0,1.2844,0.4161,0.8683,ens_010,monthly,model-specific
NMME,NCAR-CCSM4,dynamical,2026-06-01,2026-07,1,1.8111,0.463,1.3481,ens_010,monthly,model-specific
NMME,NCAR-CCSM4,dynamical,2026-06-01,2026-08,2,2.5086,0.4999,2.0087,ens_010,monthly,model-specific
NMME,NCAR-CCSM4,dynamical,2026-06-01,2026-09,3,2.994,0.5585,2.4355,ens_010,monthly,model-specific
NMME,NCAR-CCSM4,dynamical,2026-06-01,2026-10,4,3.1282,0.6079,2.5203,ens_010,monthly,model-specific
NMME,NCAR-CCSM4,dynamical,2026-06-01,2026-11,5,3.3079,0.7336,2.5743,ens_010,monthly,model-specific
NMME,NCAR-CCSM4,dynamical,2026-06-01,2026-12,6,3.2508,0.8352,2.4157,ens_010,monthly,model-specific
NMME,NCAR-CCSM4,dynamical,2026-06-01,2027-01,7,2.4895,0.7786,1.7108,ens_010,monthly,model-specific
NMME,NCAR-CCSM4,dynamical,2026-06-01,2027-02,8,2.2804,0.7434,1.537,ens_010,monthly,model-specific
NMME,NCAR-CCSM4,dynamical,2026-06-01,2026-06,0,1.3205,0.4045,0.9161,mean,monthly,model-specific
NMME,NCAR-CCSM4,dynamical,2026-06-01,2026-07,1,1.8958,0.4319,1.4639,mean,monthly,model-specific
NMME,NCAR-CCSM4,dynamical,2026-06-01,2026-08,2,2.47,0.4562,2.0139,mean,monthly,model-specific
NMME,NCAR-CCSM4,dynamical,2026-06-01,2026-09,3,2.9594,0.5465,2.4129,mean,monthly,model-specific
NMME,NCAR-CCSM4,dynamical,2026-06-01,2026-10,4,3.1542,0.6358,2.5184,mean,monthly,model-specific
NMME,NCAR-CCSM4,dynamical,2026-06-01,2026-11,5,3.2111,0.7222,2.4888,mean,monthly,model-specific
NMME,NCAR-CCSM4,dynamical,2026-06-01,2026-12,6,2.9169,0.7387,2.1783,mean,monthly,model-specific
NMME,NCAR-CCSM4,dynamical,2026-06-01,2027-01,7,2.5938,0.7386,1.8552,mean,monthly,model-specific
NMME,NCAR-CCSM4,dynamical,2026-06-01,2027-02,8,2.1557,0.6871,1.4686,mean,monthly,model-specific
NMME,NASA-GEOS-S2S-2,dynamical,2026-06-01,2026-06,0,1.6033,0.473,1.1303,ens_001,monthly,model-specific
NMME,NASA-GEOS-S2S-2,dynamical,2026-06-01,2026-07,1,1.8906,0.4989,1.3918,ens_001,monthly,model-specific
NMME,NASA-GEOS-S2S-2,dynamical,2026-06-01,2026-08,2,3.224,0.7166,2.5074,ens_001,monthly,model-specific
NMME,NASA-GEOS-S2S-2,dynamical,2026-06-01,2026-09,3,3.7135,0.8725,2.8409,ens_001,monthly,model-specific
NMME,NASA-GEOS-S2S-2,dynamical,2026-06-01,2026-10,4,4.0211,1.0213,2.9999,ens_001,monthly,model-specific
NMME,NASA-GEOS-S2S-2,dynamical,2026-06-01,2026-11,5,4.0758,1.1013,2.9746,ens_001,monthly,model-specific
NMME,NASA-GEOS-S2S-2,dynamical,2026-06-01,2026-12,6,4.1463,1.1891,2.9571,ens_001,monthly,model-specific
NMME,NASA-GEOS-S2S-2,dynamical,2026-06-01,2027-01,7,4.4659,1.3543,3.1116,ens_001,monthly,model-specific
NMME,NASA-GEOS-S2S-2,dynamical,2026-06-01,2027-02,8,4.5988,1.4058,3.1929,ens_001,monthly,model-specific
NMME,NASA-GEOS-S2S-2,dynamical,2026-06-01,2026-06,0,1.6505,0.4326,1.2179,ens_002,monthly,model-specific
NMME,NASA-GEOS-S2S-2,dynamical,2026-06-01,2026-07,1,2.168,0.4675,1.7005,ens_002,monthly,model-specific
NMME,NASA-GEOS-S2S-2,dynamical,2026-06-01,2026-08,2,2.6602,0.5093,2.1509,ens_002,monthly,model-specific
NMME,NASA-GEOS-S2S-2,dynamical,2026-06-01,2026-09,3,3.3986,0.6744,2.7242,ens_002,monthly,model-specific
NMME,NASA-GEOS-S2S-2,dynamical,2026-06-01,2026-10,4,3.684,0.7138,2.9702,ens_002,monthly,model-specific
NMME,NASA-GEOS-S2S-2,dynamical,2026-06-01,2026-11,5,4.0305,0.7984,3.2322,ens_002,monthly,model-specific
NMME,NASA-GEOS-S2S-2,dynamical,2026-06-01,2026-12,6,4.0671,0.9369,3.1302,ens_002,monthly,model-specific
NMME,NASA-GEOS-S2S-2,dynamical,2026-06-01,2027-01,7,4.3939,1.1369,3.257,ens_002,monthly,model-specific
NMME,NASA-GEOS-S2S-2,dynamical,2026-06-01,2027-02,8,4.3954,1.1815,3.2139,ens_002,monthly,model-specific
NMME,NASA-GEOS-S2S-2,dynamical,2026-06-01,2026-06,0,1.607,0.5009,1.1061,ens_003,monthly,model-specific
NMME,NASA-GEOS-S2S-2,dynamical,2026-06-01,2026-07,1,2.1248,0.5346,1.5902,ens_003,monthly,model-specific
NMME,NASA-GEOS-S2S-2,dynamical,2026-06-01,2026-08,2,2.5183,0.5961,1.9222,ens_003,monthly,model-specific
NMME,NASA-GEOS-S2S-2,dynamical,2026-06-01,2026-09,3,3.1395,0.7386,2.4009,ens_003,monthly,model-specific
NMME,NASA-GEOS-S2S-2,dynamical,2026-06-01,2026-10,4,3.6415,0.8485,2.793,ens_003,monthly,model-specific
NMME,NASA-GEOS-S2S-2,dynamical,2026-06-01,2026-11,5,3.9394,0.9462,2.9932,ens_003,monthly,model-specific
NMME,NASA-GEOS-S2S-2,dynamical,2026-06-01,2026-12,6,4.316,1.0728,3.2432,ens_003,monthly,model-specific
NMME,NASA-GEOS-S2S-2,dynamical,2026-06-01,2027-01,7,4.4741,1.2354,3.2387,ens_003,monthly,model-specific
NMME,NASA-GEOS-S2S-2,dynamical,2026-06-01,2027-02,8,4.6878,1.3289,3.3589,ens_003,monthly,model-specific
NMME,NASA-GEOS-S2S-2,dynamical,2026-06-01,2026-06,0,1.6099,0.4743,1.1356,ens_004,monthly,model-specific
NMME,NASA-GEOS-S2S-2,dynamical,2026-06-01,2026-07,1,1.7581,0.3608,1.3972,ens_004,monthly,model-specific
NMME,NASA-GEOS-S2S-2,dynamical,2026-06-01,2026-08,2,2.2701,0.4498,1.8204,ens_004,monthly,model-specific
NMME,NASA-GEOS-S2S-2,dynamical,2026-06-01,2026-09,3,2.5483,0.4873,2.061,ens_004,monthly,model-specific
NMME,NASA-GEOS-S2S-2,dynamical,2026-06-01,2026-10,4,3.0061,0.6007,2.4053,ens_004,monthly,model-specific
NMME,NASA-GEOS-S2S-2,dynamical,2026-06-01,2026-11,5,3.7209,0.7666,2.9543,ens_004,monthly,model-specific
NMME,NASA-GEOS-S2S-2,dynamical,2026-06-01,2026-12,6,3.9368,0.8856,3.0512,ens_004,monthly,model-specific
NMME,NASA-GEOS-S2S-2,dynamical,2026-06-01,2027-01,7,4.4384,1.0688,3.3695,ens_004,monthly,model-specific
NMME,NASA-GEOS-S2S-2,dynamical,2026-06-01,2027-02,8,4.4689,1.1849,3.284,ens_004,monthly,model-specific
NMME,NASA-GEOS-S2S-2,dynamical,2026-06-01,2026-06,0,1.5713,0.4846,1.0867,ens_005,monthly,model-specific
NMME,NASA-GEOS-S2S-2,dynamical,2026-06-01,2026-07,1,1.8674,0.4023,1.4651,ens_005,monthly,model-specific
NMME,NASA-GEOS-S2S-2,dynamical,2026-06-01,2026-08,2,2.3508,0.4638,1.887,ens_005,monthly,model-specific
NMME,NASA-GEOS-S2S-2,dynamical,2026-06-01,2026-09,3,2.9803,0.6259,2.3544,ens_005,monthly,model-specific
NMME,NASA-GEOS-S2S-2,dynamical,2026-06-01,2026-10,4,3.5088,0.747,2.7618,ens_005,monthly,model-specific
NMME,NASA-GEOS-S2S-2,dynamical,2026-06-01,2026-11,5,3.9655,0.9343,3.0312,ens_005,monthly,model-specific
NMME,NASA-GEOS-S2S-2,dynamical,2026-06-01,2026-12,6,4.0963,1.0032,3.0931,ens_005,monthly,model-specific
NMME,NASA-GEOS-S2S-2,dynamical,2026-06-01,2027-01,7,4.7061,1.1488,3.5573,ens_005,monthly,model-specific
NMME,NASA-GEOS-S2S-2,dynamical,2026-06-01,2027-02,8,4.9094,1.3092,3.6002,ens_005,monthly,model-specific
NMME,NASA-GEOS-S2S-2,dynamical,2026-06-01,2026-06,0,1.5397,0.468,1.0718,ens_006,monthly,model-specific
NMME,NASA-GEOS-S2S-2,dynamical,2026-06-01,2026-07,1,1.8766,0.4009,1.4756,ens_006,monthly,model-specific
NMME,NASA-GEOS-S2S-2,dynamical,2026-06-01,2026-08,2,2.6532,0.4959,2.1573,ens_006,monthly,model-specific
NMME,NASA-GEOS-S2S-2,dynamical,2026-06-01,2026-09,3,3.2008,0.5509,2.6499,ens_006,monthly,model-specific
NMME,NASA-GEOS-S2S-2,dynamical,2026-06-01,2026-10,4,3.6465,0.7877,2.8589,ens_006,monthly,model-specific
NMME,NASA-GEOS-S2S-2,dynamical,2026-06-01,2026-11,5,4.0032,0.9851,3.0182,ens_006,monthly,model-specific
NMME,NASA-GEOS-S2S-2,dynamical,2026-06-01,2026-12,6,4.3532,1.1451,3.2081,ens_006,monthly,model-specific
NMME,NASA-GEOS-S2S-2,dynamical,2026-06-01,2027-01,7,4.6135,1.2337,3.3798,ens_006,monthly,model-specific
NMME,NASA-GEOS-S2S-2,dynamical,2026-06-01,2027-02,8,4.8419,1.3087,3.5332,ens_006,monthly,model-specific
NMME,NASA-GEOS-S2S-2,dynamical,2026-06-01,2026-06,0,1.5621,0.4755,1.0865,ens_007,monthly,model-specific
NMME,NASA-GEOS-S2S-2,dynamical,2026-06-01,2026-07,1,1.8337,0.3981,1.4356,ens_007,monthly,model-specific
NMME,NASA-GEOS-S2S-2,dynamical,2026-06-01,2026-08,2,2.3319,0.4391,1.8928,ens_007,monthly,model-specific
NMME,NASA-GEOS-S2S-2,dynamical,2026-06-01,2026-09,3,2.7507,0.5709,2.1798,ens_007,monthly,model-specific
NMME,NASA-GEOS-S2S-2,dynamical,2026-06-01,2026-10,4,3.2559,0.6651,2.5908,ens_007,monthly,model-specific
NMME,NASA-GEOS-S2S-2,dynamical,2026-06-01,2026-11,5,3.651,0.7508,2.9003,ens_007,monthly,model-specific
NMME,NASA-GEOS-S2S-2,dynamical,2026-06-01,2026-12,6,4.0306,0.8438,3.1868,ens_007,monthly,model-specific
NMME,NASA-GEOS-S2S-2,dynamical,2026-06-01,2027-01,7,4.3114,1.0411,3.2703,ens_007,monthly,model-specific
NMME,NASA-GEOS-S2S-2,dynamical,2026-06-01,2027-02,8,4.6494,1.1297,3.5197,ens_007,monthly,model-specific
NMME,NASA-GEOS-S2S-2,dynamical,2026-06-01,2026-06,0,1.5345,0.4662,1.0684,ens_008,monthly,model-specific
NMME,NASA-GEOS-S2S-2,dynamical,2026-06-01,2026-07,1,1.5321,0.3492,1.1829,ens_008,monthly,model-specific
NMME,NASA-GEOS-S2S-2,dynamical,2026-06-01,2026-08,2,1.8528,0.371,1.4819,ens_008,monthly,model-specific
NMME,NASA-GEOS-S2S-2,dynamical,2026-06-01,2026-09,3,2.5349,0.4877,2.0472,ens_008,monthly,model-specific
NMME,NASA-GEOS-S2S-2,dynamical,2026-06-01,2026-10,4,3.1319,0.6784,2.4535,ens_008,monthly,model-specific
NMME,NASA-GEOS-S2S-2,dynamical,2026-06-01,2026-11,5,3.717,0.8099,2.9071,ens_008,monthly,model-specific
NMME,NASA-GEOS-S2S-2,dynamical,2026-06-01,2026-12,6,3.9195,0.8847,3.0348,ens_008,monthly,model-specific
NMME,NASA-GEOS-S2S-2,dynamical,2026-06-01,2027-01,7,4.0952,1.032,3.0631,ens_008,monthly,model-specific
NMME,NASA-GEOS-S2S-2,dynamical,2026-06-01,2027-02,8,4.4782,1.1403,3.3379,ens_008,monthly,model-specific
NMME,NASA-GEOS-S2S-2,dynamical,2026-06-01,2026-06,0,1.6044,0.4707,1.1337,ens_009,monthly,model-specific
NMME,NASA-GEOS-S2S-2,dynamical,2026-06-01,2026-07,1,1.8491,0.4139,1.4352,ens_009,monthly,model-specific
NMME,NASA-GEOS-S2S-2,dynamical,2026-06-01,2026-08,2,2.5695,0.4507,2.1189,ens_009,monthly,model-specific
NMME,NASA-GEOS-S2S-2,dynamical,2026-06-01,2026-09,3,3.0341,0.4798,2.5543,ens_009,monthly,model-specific
NMME,NASA-GEOS-S2S-2,dynamical,2026-06-01,2026-10,4,3.4681,0.5655,2.9026,ens_009,monthly,model-specific
NMME,NASA-GEOS-S2S-2,dynamical,2026-06-01,2026-11,5,3.8814,0.7111,3.1703,ens_009,monthly,model-specific
NMME,NASA-GEOS-S2S-2,dynamical,2026-06-01,2026-12,6,4.0371,0.8432,3.1939,ens_009,monthly,model-specific
NMME,NASA-GEOS-S2S-2,dynamical,2026-06-01,2027-01,7,4.4021,1.008,3.3941,ens_009,monthly,model-specific
NMME,NASA-GEOS-S2S-2,dynamical,2026-06-01,2027-02,8,4.709,1.1574,3.5516,ens_009,monthly,model-specific
NMME,NASA-GEOS-S2S-2,dynamical,2026-06-01,2026-06,0,1.5362,0.4593,1.0769,ens_010,monthly,model-specific
NMME,NASA-GEOS-S2S-2,dynamical,2026-06-01,2026-07,1,1.6626,0.4011,1.2615,ens_010,monthly,model-specific
NMME,NASA-GEOS-S2S-2,dynamical,2026-06-01,2026-08,2,2.7845,0.5231,2.2613,ens_010,monthly,model-specific
NMME,NASA-GEOS-S2S-2,dynamical,2026-06-01,2026-09,3,3.0801,0.604,2.4762,ens_010,monthly,model-specific
NMME,NASA-GEOS-S2S-2,dynamical,2026-06-01,2026-10,4,3.5193,0.7699,2.7495,ens_010,monthly,model-specific
NMME,NASA-GEOS-S2S-2,dynamical,2026-06-01,2026-11,5,3.8838,0.9061,2.9777,ens_010,monthly,model-specific
NMME,NASA-GEOS-S2S-2,dynamical,2026-06-01,2026-12,6,3.9708,1.0276,2.9432,ens_010,monthly,model-specific
NMME,NASA-GEOS-S2S-2,dynamical,2026-06-01,2027-01,7,4.2812,1.1251,3.1561,ens_010,monthly,model-specific
NMME,NASA-GEOS-S2S-2,dynamical,2026-06-01,2027-02,8,4.3769,1.2259,3.1509,ens_010,monthly,model-specific
NMME,NASA-GEOS-S2S-2,dynamical,2026-06-01,2026-06,0,1.5819,0.4705,1.1114,mean,monthly,model-specific
NMME,NASA-GEOS-S2S-2,dynamical,2026-06-01,2026-07,1,1.8563,0.4227,1.4336,mean,monthly,model-specific
NMME,NASA-GEOS-S2S-2,dynamical,2026-06-01,2026-08,2,2.5215,0.5015,2.02,mean,monthly,model-specific
NMME,NASA-GEOS-S2S-2,dynamical,2026-06-01,2026-09,3,3.0381,0.6092,2.4289,mean,monthly,model-specific
NMME,NASA-GEOS-S2S-2,dynamical,2026-06-01,2026-10,4,3.4883,0.7398,2.7486,mean,monthly,model-specific
NMME,NASA-GEOS-S2S-2,dynamical,2026-06-01,2026-11,5,3.8869,0.871,3.0159,mean,monthly,model-specific
NMME,NASA-GEOS-S2S-2,dynamical,2026-06-01,2026-12,6,4.0874,0.9832,3.1042,mean,monthly,model-specific
NMME,NASA-GEOS-S2S-2,dynamical,2026-06-01,2027-01,7,4.4182,1.1384,3.2798,mean,monthly,model-specific
NMME,NASA-GEOS-S2S-2,dynamical,2026-06-01,2027-02,8,4.6116,1.2372,3.3743,mean,monthly,model-specific
NMME,NMME,dynamical,2026-06-01,2026-06,0,1.402,0.5585,0.8436,mean,monthly,model-specific
NMME,NMME,dynamical,2026-06-01,2026-07,1,1.9824,0.6051,1.3773,mean,monthly,model-specific
NMME,NMME,dynamical,2026-06-01,2026-08,2,2.5871,0.6731,1.914,mean,monthly,model-specific
NMME,NMME,dynamical,2026-06-01,2026-09,3,2.9189,0.7447,2.1742,mean,monthly,model-specific
NMME,NMME,dynamical,2026-06-01,2026-10,4,3.1676,0.8271,2.3405,mean,monthly,model-specific
NMME,NMME,dynamical,2026-06-01,2026-11,5,3.3949,0.8928,2.5022,mean,monthly,model-specific
NMME,NMME,dynamical,2026-06-01,2026-12,6,3.3631,0.9273,2.4358,mean,monthly,model-specific
NMME,NMME,dynamical,2026-06-01,2027-01,7,3.2224,0.9459,2.2765,mean,monthly,model-specific
NMME,NMME,dynamical,2026-06-01,2027-02,8,2.9798,0.9556,2.0242,mean,monthly,model-specific
