source,model,model_type,init_date,target_month,lead_months,nino34_anom,member_id,temporal_resolution,anomaly_base_period
CanSIPS,CanSIPS-CanESM5,dynamical,2026-03-31,2026-04,1,0.0774,ens_001,monthly,1991-2020
CanSIPS,CanSIPS-CanESM5,dynamical,2026-03-31,2026-04,1,0.2536,ens_002,monthly,1991-2020
CanSIPS,CanSIPS-CanESM5,dynamical,2026-03-31,2026-04,1,0.1871,ens_003,monthly,1991-2020
CanSIPS,CanSIPS-CanESM5,dynamical,2026-03-31,2026-04,1,0.2596,ens_004,monthly,1991-2020
CanSIPS,CanSIPS-CanESM5,dynamical,2026-03-31,2026-04,1,0.0895,ens_005,monthly,1991-2020
CanSIPS,CanSIPS-CanESM5,dynamical,2026-03-31,2026-04,1,0.1809,ens_006,monthly,1991-2020
CanSIPS,CanSIPS-CanESM5,dynamical,2026-03-31,2026-04,1,0.0973,ens_007,monthly,1991-2020
CanSIPS,CanSIPS-CanESM5,dynamical,2026-03-31,2026-04,1,0.1207,ens_008,monthly,1991-2020
CanSIPS,CanSIPS-CanESM5,dynamical,2026-03-31,2026-04,1,0.1854,ens_009,monthly,1991-2020
CanSIPS,CanSIPS-CanESM5,dynamical,2026-03-31,2026-04,1,0.1967,ens_010,monthly,1991-2020
CanSIPS,CanSIPS-CanESM5,dynamical,2026-03-31,2026-04,1,0.2177,ens_011,monthly,1991-2020
CanSIPS,CanSIPS-CanESM5,dynamical,2026-03-31,2026-04,1,0.0973,ens_012,monthly,1991-2020
CanSIPS,CanSIPS-CanESM5,dynamical,2026-03-31,2026-04,1,0.0967,ens_013,monthly,1991-2020
CanSIPS,CanSIPS-CanESM5,dynamical,2026-03-31,2026-04,1,0.125,ens_014,monthly,1991-2020
CanSIPS,CanSIPS-CanESM5,dynamical,2026-03-31,2026-04,1,0.0556,ens_015,monthly,1991-2020
CanSIPS,CanSIPS-CanESM5,dynamical,2026-03-31,2026-04,1,0.1183,ens_016,monthly,1991-2020
CanSIPS,CanSIPS-CanESM5,dynamical,2026-03-31,2026-04,1,0.0098,ens_017,monthly,1991-2020
CanSIPS,CanSIPS-CanESM5,dynamical,2026-03-31,2026-04,1,0.068,ens_018,monthly,1991-2020
CanSIPS,CanSIPS-CanESM5,dynamical,2026-03-31,2026-04,1,0.247,ens_019,monthly,1991-2020
CanSIPS,CanSIPS-CanESM5,dynamical,2026-03-31,2026-04,1,0.205,ens_020,monthly,1991-2020
CanSIPS,CanSIPS-GEM-NEMO,dynamical,2026-03-31,2026-04,1,0.8445,ens_021,monthly,1991-2020
CanSIPS,CanSIPS-GEM-NEMO,dynamical,2026-03-31,2026-04,1,0.7534,ens_022,monthly,1991-2020
CanSIPS,CanSIPS-GEM-NEMO,dynamical,2026-03-31,2026-04,1,0.6689,ens_023,monthly,1991-2020
CanSIPS,CanSIPS-GEM-NEMO,dynamical,2026-03-31,2026-04,1,0.709,ens_024,monthly,1991-2020
CanSIPS,CanSIPS-GEM-NEMO,dynamical,2026-03-31,2026-04,1,0.7109,ens_025,monthly,1991-2020
CanSIPS,CanSIPS-GEM-NEMO,dynamical,2026-03-31,2026-04,1,0.8256,ens_026,monthly,1991-2020
CanSIPS,CanSIPS-GEM-NEMO,dynamical,2026-03-31,2026-04,1,0.5557,ens_027,monthly,1991-2020
CanSIPS,CanSIPS-GEM-NEMO,dynamical,2026-03-31,2026-04,1,0.7159,ens_028,monthly,1991-2020
CanSIPS,CanSIPS-GEM-NEMO,dynamical,2026-03-31,2026-04,1,0.6623,ens_029,monthly,1991-2020
CanSIPS,CanSIPS-GEM-NEMO,dynamical,2026-03-31,2026-04,1,0.7627,ens_030,monthly,1991-2020
CanSIPS,CanSIPS-GEM-NEMO,dynamical,2026-03-31,2026-04,1,0.7711,ens_031,monthly,1991-2020
CanSIPS,CanSIPS-GEM-NEMO,dynamical,2026-03-31,2026-04,1,0.6482,ens_032,monthly,1991-2020
CanSIPS,CanSIPS-GEM-NEMO,dynamical,2026-03-31,2026-04,1,0.6124,ens_033,monthly,1991-2020
CanSIPS,CanSIPS-GEM-NEMO,dynamical,2026-03-31,2026-04,1,0.6134,ens_034,monthly,1991-2020
CanSIPS,CanSIPS-GEM-NEMO,dynamical,2026-03-31,2026-04,1,0.8207,ens_035,monthly,1991-2020
CanSIPS,CanSIPS-GEM-NEMO,dynamical,2026-03-31,2026-04,1,0.5981,ens_036,monthly,1991-2020
CanSIPS,CanSIPS-GEM-NEMO,dynamical,2026-03-31,2026-04,1,0.6856,ens_037,monthly,1991-2020
CanSIPS,CanSIPS-GEM-NEMO,dynamical,2026-03-31,2026-04,1,0.6634,ens_038,monthly,1991-2020
CanSIPS,CanSIPS-GEM-NEMO,dynamical,2026-03-31,2026-04,1,0.61,ens_039,monthly,1991-2020
CanSIPS,CanSIPS-GEM-NEMO,dynamical,2026-03-31,2026-04,1,0.6793,ens_040,monthly,1991-2020
CanSIPS,CanSIPS-CanESM5,dynamical,2026-03-31,2026-05,2,0.0854,ens_001,monthly,1991-2020
CanSIPS,CanSIPS-CanESM5,dynamical,2026-03-31,2026-05,2,0.4612,ens_002,monthly,1991-2020
CanSIPS,CanSIPS-CanESM5,dynamical,2026-03-31,2026-05,2,0.3519,ens_003,monthly,1991-2020
CanSIPS,CanSIPS-CanESM5,dynamical,2026-03-31,2026-05,2,0.3501,ens_004,monthly,1991-2020
CanSIPS,CanSIPS-CanESM5,dynamical,2026-03-31,2026-05,2,0.3029,ens_005,monthly,1991-2020
CanSIPS,CanSIPS-CanESM5,dynamical,2026-03-31,2026-05,2,0.4778,ens_006,monthly,1991-2020
CanSIPS,CanSIPS-CanESM5,dynamical,2026-03-31,2026-05,2,0.3,ens_007,monthly,1991-2020
CanSIPS,CanSIPS-CanESM5,dynamical,2026-03-31,2026-05,2,0.4127,ens_008,monthly,1991-2020
CanSIPS,CanSIPS-CanESM5,dynamical,2026-03-31,2026-05,2,0.2376,ens_009,monthly,1991-2020
CanSIPS,CanSIPS-CanESM5,dynamical,2026-03-31,2026-05,2,0.1555,ens_010,monthly,1991-2020
CanSIPS,CanSIPS-CanESM5,dynamical,2026-03-31,2026-05,2,0.5473,ens_011,monthly,1991-2020
CanSIPS,CanSIPS-CanESM5,dynamical,2026-03-31,2026-05,2,0.1518,ens_012,monthly,1991-2020
CanSIPS,CanSIPS-CanESM5,dynamical,2026-03-31,2026-05,2,0.0462,ens_013,monthly,1991-2020
CanSIPS,CanSIPS-CanESM5,dynamical,2026-03-31,2026-05,2,0.2579,ens_014,monthly,1991-2020
CanSIPS,CanSIPS-CanESM5,dynamical,2026-03-31,2026-05,2,0.3349,ens_015,monthly,1991-2020
CanSIPS,CanSIPS-CanESM5,dynamical,2026-03-31,2026-05,2,0.0716,ens_016,monthly,1991-2020
CanSIPS,CanSIPS-CanESM5,dynamical,2026-03-31,2026-05,2,0.0274,ens_017,monthly,1991-2020
CanSIPS,CanSIPS-CanESM5,dynamical,2026-03-31,2026-05,2,0.3436,ens_018,monthly,1991-2020
CanSIPS,CanSIPS-CanESM5,dynamical,2026-03-31,2026-05,2,0.5093,ens_019,monthly,1991-2020
CanSIPS,CanSIPS-CanESM5,dynamical,2026-03-31,2026-05,2,0.0774,ens_020,monthly,1991-2020
CanSIPS,CanSIPS-GEM-NEMO,dynamical,2026-03-31,2026-05,2,1.8599,ens_021,monthly,1991-2020
CanSIPS,CanSIPS-GEM-NEMO,dynamical,2026-03-31,2026-05,2,1.6233,ens_022,monthly,1991-2020
CanSIPS,CanSIPS-GEM-NEMO,dynamical,2026-03-31,2026-05,2,1.4803,ens_023,monthly,1991-2020
CanSIPS,CanSIPS-GEM-NEMO,dynamical,2026-03-31,2026-05,2,1.3782,ens_024,monthly,1991-2020
CanSIPS,CanSIPS-GEM-NEMO,dynamical,2026-03-31,2026-05,2,1.6141,ens_025,monthly,1991-2020
CanSIPS,CanSIPS-GEM-NEMO,dynamical,2026-03-31,2026-05,2,1.4816,ens_026,monthly,1991-2020
CanSIPS,CanSIPS-GEM-NEMO,dynamical,2026-03-31,2026-05,2,1.1982,ens_027,monthly,1991-2020
CanSIPS,CanSIPS-GEM-NEMO,dynamical,2026-03-31,2026-05,2,1.3759,ens_028,monthly,1991-2020
CanSIPS,CanSIPS-GEM-NEMO,dynamical,2026-03-31,2026-05,2,1.6891,ens_029,monthly,1991-2020
CanSIPS,CanSIPS-GEM-NEMO,dynamical,2026-03-31,2026-05,2,1.6486,ens_030,monthly,1991-2020
CanSIPS,CanSIPS-GEM-NEMO,dynamical,2026-03-31,2026-05,2,1.8434,ens_031,monthly,1991-2020
CanSIPS,CanSIPS-GEM-NEMO,dynamical,2026-03-31,2026-05,2,1.478,ens_032,monthly,1991-2020
CanSIPS,CanSIPS-GEM-NEMO,dynamical,2026-03-31,2026-05,2,1.3164,ens_033,monthly,1991-2020
CanSIPS,CanSIPS-GEM-NEMO,dynamical,2026-03-31,2026-05,2,1.6045,ens_034,monthly,1991-2020
CanSIPS,CanSIPS-GEM-NEMO,dynamical,2026-03-31,2026-05,2,1.542,ens_035,monthly,1991-2020
CanSIPS,CanSIPS-GEM-NEMO,dynamical,2026-03-31,2026-05,2,1.4934,ens_036,monthly,1991-2020
CanSIPS,CanSIPS-GEM-NEMO,dynamical,2026-03-31,2026-05,2,1.4495,ens_037,monthly,1991-2020
CanSIPS,CanSIPS-GEM-NEMO,dynamical,2026-03-31,2026-05,2,1.2475,ens_038,monthly,1991-2020
CanSIPS,CanSIPS-GEM-NEMO,dynamical,2026-03-31,2026-05,2,1.5754,ens_039,monthly,1991-2020
CanSIPS,CanSIPS-GEM-NEMO,dynamical,2026-03-31,2026-05,2,1.5982,ens_040,monthly,1991-2020
CanSIPS,CanSIPS-CanESM5,dynamical,2026-03-31,2026-06,3,0.4333,ens_001,monthly,1991-2020
CanSIPS,CanSIPS-CanESM5,dynamical,2026-03-31,2026-06,3,0.648,ens_002,monthly,1991-2020
CanSIPS,CanSIPS-CanESM5,dynamical,2026-03-31,2026-06,3,0.4055,ens_003,monthly,1991-2020
CanSIPS,CanSIPS-CanESM5,dynamical,2026-03-31,2026-06,3,0.692,ens_004,monthly,1991-2020
CanSIPS,CanSIPS-CanESM5,dynamical,2026-03-31,2026-06,3,0.8443,ens_005,monthly,1991-2020
CanSIPS,CanSIPS-CanESM5,dynamical,2026-03-31,2026-06,3,0.949,ens_006,monthly,1991-2020
CanSIPS,CanSIPS-CanESM5,dynamical,2026-03-31,2026-06,3,0.665,ens_007,monthly,1991-2020
CanSIPS,CanSIPS-CanESM5,dynamical,2026-03-31,2026-06,3,0.6726,ens_008,monthly,1991-2020
CanSIPS,CanSIPS-CanESM5,dynamical,2026-03-31,2026-06,3,0.6186,ens_009,monthly,1991-2020
CanSIPS,CanSIPS-CanESM5,dynamical,2026-03-31,2026-06,3,0.5659,ens_010,monthly,1991-2020
CanSIPS,CanSIPS-CanESM5,dynamical,2026-03-31,2026-06,3,0.6035,ens_011,monthly,1991-2020
CanSIPS,CanSIPS-CanESM5,dynamical,2026-03-31,2026-06,3,0.4056,ens_012,monthly,1991-2020
CanSIPS,CanSIPS-CanESM5,dynamical,2026-03-31,2026-06,3,0.1369,ens_013,monthly,1991-2020
CanSIPS,CanSIPS-CanESM5,dynamical,2026-03-31,2026-06,3,0.1746,ens_014,monthly,1991-2020
CanSIPS,CanSIPS-CanESM5,dynamical,2026-03-31,2026-06,3,0.6522,ens_015,monthly,1991-2020
CanSIPS,CanSIPS-CanESM5,dynamical,2026-03-31,2026-06,3,0.5597,ens_016,monthly,1991-2020
CanSIPS,CanSIPS-CanESM5,dynamical,2026-03-31,2026-06,3,0.2184,ens_017,monthly,1991-2020
CanSIPS,CanSIPS-CanESM5,dynamical,2026-03-31,2026-06,3,0.7494,ens_018,monthly,1991-2020
CanSIPS,CanSIPS-CanESM5,dynamical,2026-03-31,2026-06,3,0.5238,ens_019,monthly,1991-2020
CanSIPS,CanSIPS-CanESM5,dynamical,2026-03-31,2026-06,3,0.2214,ens_020,monthly,1991-2020
CanSIPS,CanSIPS-GEM-NEMO,dynamical,2026-03-31,2026-06,3,2.158,ens_021,monthly,1991-2020
CanSIPS,CanSIPS-GEM-NEMO,dynamical,2026-03-31,2026-06,3,2.0137,ens_022,monthly,1991-2020
CanSIPS,CanSIPS-GEM-NEMO,dynamical,2026-03-31,2026-06,3,1.9709,ens_023,monthly,1991-2020
CanSIPS,CanSIPS-GEM-NEMO,dynamical,2026-03-31,2026-06,3,1.836,ens_024,monthly,1991-2020
CanSIPS,CanSIPS-GEM-NEMO,dynamical,2026-03-31,2026-06,3,1.9539,ens_025,monthly,1991-2020
CanSIPS,CanSIPS-GEM-NEMO,dynamical,2026-03-31,2026-06,3,2.0181,ens_026,monthly,1991-2020
CanSIPS,CanSIPS-GEM-NEMO,dynamical,2026-03-31,2026-06,3,1.8434,ens_027,monthly,1991-2020
CanSIPS,CanSIPS-GEM-NEMO,dynamical,2026-03-31,2026-06,3,1.9132,ens_028,monthly,1991-2020
CanSIPS,CanSIPS-GEM-NEMO,dynamical,2026-03-31,2026-06,3,2.2535,ens_029,monthly,1991-2020
CanSIPS,CanSIPS-GEM-NEMO,dynamical,2026-03-31,2026-06,3,1.833,ens_030,monthly,1991-2020
CanSIPS,CanSIPS-GEM-NEMO,dynamical,2026-03-31,2026-06,3,1.8544,ens_031,monthly,1991-2020
CanSIPS,CanSIPS-GEM-NEMO,dynamical,2026-03-31,2026-06,3,1.8488,ens_032,monthly,1991-2020
CanSIPS,CanSIPS-GEM-NEMO,dynamical,2026-03-31,2026-06,3,1.9386,ens_033,monthly,1991-2020
CanSIPS,CanSIPS-GEM-NEMO,dynamical,2026-03-31,2026-06,3,1.9886,ens_034,monthly,1991-2020
CanSIPS,CanSIPS-GEM-NEMO,dynamical,2026-03-31,2026-06,3,1.9249,ens_035,monthly,1991-2020
CanSIPS,CanSIPS-GEM-NEMO,dynamical,2026-03-31,2026-06,3,2.1446,ens_036,monthly,1991-2020
CanSIPS,CanSIPS-GEM-NEMO,dynamical,2026-03-31,2026-06,3,1.7162,ens_037,monthly,1991-2020
CanSIPS,CanSIPS-GEM-NEMO,dynamical,2026-03-31,2026-06,3,1.8287,ens_038,monthly,1991-2020
CanSIPS,CanSIPS-GEM-NEMO,dynamical,2026-03-31,2026-06,3,2.2532,ens_039,monthly,1991-2020
CanSIPS,CanSIPS-GEM-NEMO,dynamical,2026-03-31,2026-06,3,1.9686,ens_040,monthly,1991-2020
CanSIPS,CanSIPS-CanESM5,dynamical,2026-03-31,2026-07,4,0.5519,ens_001,monthly,1991-2020
CanSIPS,CanSIPS-CanESM5,dynamical,2026-03-31,2026-07,4,0.8874,ens_002,monthly,1991-2020
CanSIPS,CanSIPS-CanESM5,dynamical,2026-03-31,2026-07,4,0.7098,ens_003,monthly,1991-2020
CanSIPS,CanSIPS-CanESM5,dynamical,2026-03-31,2026-07,4,0.8903,ens_004,monthly,1991-2020
CanSIPS,CanSIPS-CanESM5,dynamical,2026-03-31,2026-07,4,1.1237,ens_005,monthly,1991-2020
CanSIPS,CanSIPS-CanESM5,dynamical,2026-03-31,2026-07,4,1.062,ens_006,monthly,1991-2020
CanSIPS,CanSIPS-CanESM5,dynamical,2026-03-31,2026-07,4,0.9507,ens_007,monthly,1991-2020
CanSIPS,CanSIPS-CanESM5,dynamical,2026-03-31,2026-07,4,0.7598,ens_008,monthly,1991-2020
CanSIPS,CanSIPS-CanESM5,dynamical,2026-03-31,2026-07,4,1.0243,ens_009,monthly,1991-2020
CanSIPS,CanSIPS-CanESM5,dynamical,2026-03-31,2026-07,4,0.8582,ens_010,monthly,1991-2020
CanSIPS,CanSIPS-CanESM5,dynamical,2026-03-31,2026-07,4,0.7882,ens_011,monthly,1991-2020
CanSIPS,CanSIPS-CanESM5,dynamical,2026-03-31,2026-07,4,0.6509,ens_012,monthly,1991-2020
CanSIPS,CanSIPS-CanESM5,dynamical,2026-03-31,2026-07,4,0.2611,ens_013,monthly,1991-2020
CanSIPS,CanSIPS-CanESM5,dynamical,2026-03-31,2026-07,4,-0.0683,ens_014,monthly,1991-2020
CanSIPS,CanSIPS-CanESM5,dynamical,2026-03-31,2026-07,4,0.9273,ens_015,monthly,1991-2020
CanSIPS,CanSIPS-CanESM5,dynamical,2026-03-31,2026-07,4,0.8845,ens_016,monthly,1991-2020
CanSIPS,CanSIPS-CanESM5,dynamical,2026-03-31,2026-07,4,0.3825,ens_017,monthly,1991-2020
CanSIPS,CanSIPS-CanESM5,dynamical,2026-03-31,2026-07,4,0.7834,ens_018,monthly,1991-2020
CanSIPS,CanSIPS-CanESM5,dynamical,2026-03-31,2026-07,4,0.7219,ens_019,monthly,1991-2020
CanSIPS,CanSIPS-CanESM5,dynamical,2026-03-31,2026-07,4,0.5839,ens_020,monthly,1991-2020
CanSIPS,CanSIPS-GEM-NEMO,dynamical,2026-03-31,2026-07,4,2.1156,ens_021,monthly,1991-2020
CanSIPS,CanSIPS-GEM-NEMO,dynamical,2026-03-31,2026-07,4,2.0208,ens_022,monthly,1991-2020
CanSIPS,CanSIPS-GEM-NEMO,dynamical,2026-03-31,2026-07,4,2.3103,ens_023,monthly,1991-2020
CanSIPS,CanSIPS-GEM-NEMO,dynamical,2026-03-31,2026-07,4,2.0793,ens_024,monthly,1991-2020
CanSIPS,CanSIPS-GEM-NEMO,dynamical,2026-03-31,2026-07,4,1.9546,ens_025,monthly,1991-2020
CanSIPS,CanSIPS-GEM-NEMO,dynamical,2026-03-31,2026-07,4,1.9794,ens_026,monthly,1991-2020
CanSIPS,CanSIPS-GEM-NEMO,dynamical,2026-03-31,2026-07,4,2.0561,ens_027,monthly,1991-2020
CanSIPS,CanSIPS-GEM-NEMO,dynamical,2026-03-31,2026-07,4,2.0066,ens_028,monthly,1991-2020
CanSIPS,CanSIPS-GEM-NEMO,dynamical,2026-03-31,2026-07,4,2.2461,ens_029,monthly,1991-2020
CanSIPS,CanSIPS-GEM-NEMO,dynamical,2026-03-31,2026-07,4,2.0097,ens_030,monthly,1991-2020
CanSIPS,CanSIPS-GEM-NEMO,dynamical,2026-03-31,2026-07,4,1.7444,ens_031,monthly,1991-2020
CanSIPS,CanSIPS-GEM-NEMO,dynamical,2026-03-31,2026-07,4,1.815,ens_032,monthly,1991-2020
CanSIPS,CanSIPS-GEM-NEMO,dynamical,2026-03-31,2026-07,4,2.0673,ens_033,monthly,1991-2020
CanSIPS,CanSIPS-GEM-NEMO,dynamical,2026-03-31,2026-07,4,2.1106,ens_034,monthly,1991-2020
CanSIPS,CanSIPS-GEM-NEMO,dynamical,2026-03-31,2026-07,4,2.0381,ens_035,monthly,1991-2020
CanSIPS,CanSIPS-GEM-NEMO,dynamical,2026-03-31,2026-07,4,2.0358,ens_036,monthly,1991-2020
CanSIPS,CanSIPS-GEM-NEMO,dynamical,2026-03-31,2026-07,4,1.9277,ens_037,monthly,1991-2020
CanSIPS,CanSIPS-GEM-NEMO,dynamical,2026-03-31,2026-07,4,2.2342,ens_038,monthly,1991-2020
CanSIPS,CanSIPS-GEM-NEMO,dynamical,2026-03-31,2026-07,4,2.2812,ens_039,monthly,1991-2020
CanSIPS,CanSIPS-GEM-NEMO,dynamical,2026-03-31,2026-07,4,2.2338,ens_040,monthly,1991-2020
CanSIPS,CanSIPS-CanESM5,dynamical,2026-03-31,2026-08,5,0.5511,ens_001,monthly,1991-2020
CanSIPS,CanSIPS-CanESM5,dynamical,2026-03-31,2026-08,5,0.3245,ens_002,monthly,1991-2020
CanSIPS,CanSIPS-CanESM5,dynamical,2026-03-31,2026-08,5,0.737,ens_003,monthly,1991-2020
CanSIPS,CanSIPS-CanESM5,dynamical,2026-03-31,2026-08,5,1.0812,ens_004,monthly,1991-2020
CanSIPS,CanSIPS-CanESM5,dynamical,2026-03-31,2026-08,5,1.1259,ens_005,monthly,1991-2020
CanSIPS,CanSIPS-CanESM5,dynamical,2026-03-31,2026-08,5,0.9722,ens_006,monthly,1991-2020
CanSIPS,CanSIPS-CanESM5,dynamical,2026-03-31,2026-08,5,1.1113,ens_007,monthly,1991-2020
CanSIPS,CanSIPS-CanESM5,dynamical,2026-03-31,2026-08,5,0.7245,ens_008,monthly,1991-2020
CanSIPS,CanSIPS-CanESM5,dynamical,2026-03-31,2026-08,5,0.9809,ens_009,monthly,1991-2020
CanSIPS,CanSIPS-CanESM5,dynamical,2026-03-31,2026-08,5,1.2438,ens_010,monthly,1991-2020
CanSIPS,CanSIPS-CanESM5,dynamical,2026-03-31,2026-08,5,0.9584,ens_011,monthly,1991-2020
CanSIPS,CanSIPS-CanESM5,dynamical,2026-03-31,2026-08,5,0.8068,ens_012,monthly,1991-2020
CanSIPS,CanSIPS-CanESM5,dynamical,2026-03-31,2026-08,5,0.1248,ens_013,monthly,1991-2020
CanSIPS,CanSIPS-CanESM5,dynamical,2026-03-31,2026-08,5,-0.1006,ens_014,monthly,1991-2020
CanSIPS,CanSIPS-CanESM5,dynamical,2026-03-31,2026-08,5,0.9212,ens_015,monthly,1991-2020
CanSIPS,CanSIPS-CanESM5,dynamical,2026-03-31,2026-08,5,0.86,ens_016,monthly,1991-2020
CanSIPS,CanSIPS-CanESM5,dynamical,2026-03-31,2026-08,5,0.1399,ens_017,monthly,1991-2020
CanSIPS,CanSIPS-CanESM5,dynamical,2026-03-31,2026-08,5,0.6648,ens_018,monthly,1991-2020
CanSIPS,CanSIPS-CanESM5,dynamical,2026-03-31,2026-08,5,0.4907,ens_019,monthly,1991-2020
CanSIPS,CanSIPS-CanESM5,dynamical,2026-03-31,2026-08,5,0.7526,ens_020,monthly,1991-2020
CanSIPS,CanSIPS-GEM-NEMO,dynamical,2026-03-31,2026-08,5,2.2571,ens_021,monthly,1991-2020
CanSIPS,CanSIPS-GEM-NEMO,dynamical,2026-03-31,2026-08,5,1.886,ens_022,monthly,1991-2020
CanSIPS,CanSIPS-GEM-NEMO,dynamical,2026-03-31,2026-08,5,2.1807,ens_023,monthly,1991-2020
CanSIPS,CanSIPS-GEM-NEMO,dynamical,2026-03-31,2026-08,5,1.9517,ens_024,monthly,1991-2020
CanSIPS,CanSIPS-GEM-NEMO,dynamical,2026-03-31,2026-08,5,1.8658,ens_025,monthly,1991-2020
CanSIPS,CanSIPS-GEM-NEMO,dynamical,2026-03-31,2026-08,5,1.9052,ens_026,monthly,1991-2020
CanSIPS,CanSIPS-GEM-NEMO,dynamical,2026-03-31,2026-08,5,1.9947,ens_027,monthly,1991-2020
CanSIPS,CanSIPS-GEM-NEMO,dynamical,2026-03-31,2026-08,5,2.0701,ens_028,monthly,1991-2020
CanSIPS,CanSIPS-GEM-NEMO,dynamical,2026-03-31,2026-08,5,2.3211,ens_029,monthly,1991-2020
CanSIPS,CanSIPS-GEM-NEMO,dynamical,2026-03-31,2026-08,5,2.2501,ens_030,monthly,1991-2020
CanSIPS,CanSIPS-GEM-NEMO,dynamical,2026-03-31,2026-08,5,1.4239,ens_031,monthly,1991-2020
CanSIPS,CanSIPS-GEM-NEMO,dynamical,2026-03-31,2026-08,5,1.943,ens_032,monthly,1991-2020
CanSIPS,CanSIPS-GEM-NEMO,dynamical,2026-03-31,2026-08,5,2.0327,ens_033,monthly,1991-2020
CanSIPS,CanSIPS-GEM-NEMO,dynamical,2026-03-31,2026-08,5,2.3585,ens_034,monthly,1991-2020
CanSIPS,CanSIPS-GEM-NEMO,dynamical,2026-03-31,2026-08,5,2.0213,ens_035,monthly,1991-2020
CanSIPS,CanSIPS-GEM-NEMO,dynamical,2026-03-31,2026-08,5,1.9301,ens_036,monthly,1991-2020
CanSIPS,CanSIPS-GEM-NEMO,dynamical,2026-03-31,2026-08,5,1.9096,ens_037,monthly,1991-2020
CanSIPS,CanSIPS-GEM-NEMO,dynamical,2026-03-31,2026-08,5,2.0937,ens_038,monthly,1991-2020
CanSIPS,CanSIPS-GEM-NEMO,dynamical,2026-03-31,2026-08,5,2.4739,ens_039,monthly,1991-2020
CanSIPS,CanSIPS-GEM-NEMO,dynamical,2026-03-31,2026-08,5,2.2596,ens_040,monthly,1991-2020
CanSIPS,CanSIPS-CanESM5,dynamical,2026-03-31,2026-09,6,0.5228,ens_001,monthly,1991-2020
CanSIPS,CanSIPS-CanESM5,dynamical,2026-03-31,2026-09,6,-0.046,ens_002,monthly,1991-2020
CanSIPS,CanSIPS-CanESM5,dynamical,2026-03-31,2026-09,6,0.3391,ens_003,monthly,1991-2020
CanSIPS,CanSIPS-CanESM5,dynamical,2026-03-31,2026-09,6,1.2127,ens_004,monthly,1991-2020
CanSIPS,CanSIPS-CanESM5,dynamical,2026-03-31,2026-09,6,1.3581,ens_005,monthly,1991-2020
CanSIPS,CanSIPS-CanESM5,dynamical,2026-03-31,2026-09,6,0.9742,ens_006,monthly,1991-2020
CanSIPS,CanSIPS-CanESM5,dynamical,2026-03-31,2026-09,6,1.1592,ens_007,monthly,1991-2020
CanSIPS,CanSIPS-CanESM5,dynamical,2026-03-31,2026-09,6,0.7744,ens_008,monthly,1991-2020
CanSIPS,CanSIPS-CanESM5,dynamical,2026-03-31,2026-09,6,0.8281,ens_009,monthly,1991-2020
CanSIPS,CanSIPS-CanESM5,dynamical,2026-03-31,2026-09,6,1.3708,ens_010,monthly,1991-2020
CanSIPS,CanSIPS-CanESM5,dynamical,2026-03-31,2026-09,6,0.9353,ens_011,monthly,1991-2020
CanSIPS,CanSIPS-CanESM5,dynamical,2026-03-31,2026-09,6,0.9623,ens_012,monthly,1991-2020
CanSIPS,CanSIPS-CanESM5,dynamical,2026-03-31,2026-09,6,0.2827,ens_013,monthly,1991-2020
CanSIPS,CanSIPS-CanESM5,dynamical,2026-03-31,2026-09,6,-0.1187,ens_014,monthly,1991-2020
CanSIPS,CanSIPS-CanESM5,dynamical,2026-03-31,2026-09,6,0.7766,ens_015,monthly,1991-2020
CanSIPS,CanSIPS-CanESM5,dynamical,2026-03-31,2026-09,6,0.7546,ens_016,monthly,1991-2020
CanSIPS,CanSIPS-CanESM5,dynamical,2026-03-31,2026-09,6,0.1019,ens_017,monthly,1991-2020
CanSIPS,CanSIPS-CanESM5,dynamical,2026-03-31,2026-09,6,0.4733,ens_018,monthly,1991-2020
CanSIPS,CanSIPS-CanESM5,dynamical,2026-03-31,2026-09,6,0.1185,ens_019,monthly,1991-2020
CanSIPS,CanSIPS-CanESM5,dynamical,2026-03-31,2026-09,6,0.9076,ens_020,monthly,1991-2020
CanSIPS,CanSIPS-GEM-NEMO,dynamical,2026-03-31,2026-09,6,2.2558,ens_021,monthly,1991-2020
CanSIPS,CanSIPS-GEM-NEMO,dynamical,2026-03-31,2026-09,6,1.9543,ens_022,monthly,1991-2020
CanSIPS,CanSIPS-GEM-NEMO,dynamical,2026-03-31,2026-09,6,2.0806,ens_023,monthly,1991-2020
CanSIPS,CanSIPS-GEM-NEMO,dynamical,2026-03-31,2026-09,6,1.5983,ens_024,monthly,1991-2020
CanSIPS,CanSIPS-GEM-NEMO,dynamical,2026-03-31,2026-09,6,1.9146,ens_025,monthly,1991-2020
CanSIPS,CanSIPS-GEM-NEMO,dynamical,2026-03-31,2026-09,6,1.9779,ens_026,monthly,1991-2020
CanSIPS,CanSIPS-GEM-NEMO,dynamical,2026-03-31,2026-09,6,2.0492,ens_027,monthly,1991-2020
CanSIPS,CanSIPS-GEM-NEMO,dynamical,2026-03-31,2026-09,6,1.9357,ens_028,monthly,1991-2020
CanSIPS,CanSIPS-GEM-NEMO,dynamical,2026-03-31,2026-09,6,2.2274,ens_029,monthly,1991-2020
CanSIPS,CanSIPS-GEM-NEMO,dynamical,2026-03-31,2026-09,6,2.3574,ens_030,monthly,1991-2020
CanSIPS,CanSIPS-GEM-NEMO,dynamical,2026-03-31,2026-09,6,1.2945,ens_031,monthly,1991-2020
CanSIPS,CanSIPS-GEM-NEMO,dynamical,2026-03-31,2026-09,6,1.7989,ens_032,monthly,1991-2020
CanSIPS,CanSIPS-GEM-NEMO,dynamical,2026-03-31,2026-09,6,2.1477,ens_033,monthly,1991-2020
CanSIPS,CanSIPS-GEM-NEMO,dynamical,2026-03-31,2026-09,6,2.6536,ens_034,monthly,1991-2020
CanSIPS,CanSIPS-GEM-NEMO,dynamical,2026-03-31,2026-09,6,2.1007,ens_035,monthly,1991-2020
CanSIPS,CanSIPS-GEM-NEMO,dynamical,2026-03-31,2026-09,6,1.8441,ens_036,monthly,1991-2020
CanSIPS,CanSIPS-GEM-NEMO,dynamical,2026-03-31,2026-09,6,1.7871,ens_037,monthly,1991-2020
CanSIPS,CanSIPS-GEM-NEMO,dynamical,2026-03-31,2026-09,6,1.9656,ens_038,monthly,1991-2020
CanSIPS,CanSIPS-GEM-NEMO,dynamical,2026-03-31,2026-09,6,2.5396,ens_039,monthly,1991-2020
CanSIPS,CanSIPS-GEM-NEMO,dynamical,2026-03-31,2026-09,6,2.2295,ens_040,monthly,1991-2020
CanSIPS,CanSIPS-CanESM5,dynamical,2026-03-31,2026-10,7,0.5072,ens_001,monthly,1991-2020
CanSIPS,CanSIPS-CanESM5,dynamical,2026-03-31,2026-10,7,0.1955,ens_002,monthly,1991-2020
CanSIPS,CanSIPS-CanESM5,dynamical,2026-03-31,2026-10,7,0.1513,ens_003,monthly,1991-2020
CanSIPS,CanSIPS-CanESM5,dynamical,2026-03-31,2026-10,7,1.1091,ens_004,monthly,1991-2020
CanSIPS,CanSIPS-CanESM5,dynamical,2026-03-31,2026-10,7,1.2756,ens_005,monthly,1991-2020
CanSIPS,CanSIPS-CanESM5,dynamical,2026-03-31,2026-10,7,1.1682,ens_006,monthly,1991-2020
CanSIPS,CanSIPS-CanESM5,dynamical,2026-03-31,2026-10,7,1.3626,ens_007,monthly,1991-2020
CanSIPS,CanSIPS-CanESM5,dynamical,2026-03-31,2026-10,7,0.8344,ens_008,monthly,1991-2020
CanSIPS,CanSIPS-CanESM5,dynamical,2026-03-31,2026-10,7,1.0405,ens_009,monthly,1991-2020
CanSIPS,CanSIPS-CanESM5,dynamical,2026-03-31,2026-10,7,1.2251,ens_010,monthly,1991-2020
CanSIPS,CanSIPS-CanESM5,dynamical,2026-03-31,2026-10,7,0.8889,ens_011,monthly,1991-2020
CanSIPS,CanSIPS-CanESM5,dynamical,2026-03-31,2026-10,7,0.9959,ens_012,monthly,1991-2020
CanSIPS,CanSIPS-CanESM5,dynamical,2026-03-31,2026-10,7,0.5467,ens_013,monthly,1991-2020
CanSIPS,CanSIPS-CanESM5,dynamical,2026-03-31,2026-10,7,-0.0085,ens_014,monthly,1991-2020
CanSIPS,CanSIPS-CanESM5,dynamical,2026-03-31,2026-10,7,0.7512,ens_015,monthly,1991-2020
CanSIPS,CanSIPS-CanESM5,dynamical,2026-03-31,2026-10,7,0.9493,ens_016,monthly,1991-2020
CanSIPS,CanSIPS-CanESM5,dynamical,2026-03-31,2026-10,7,0.1442,ens_017,monthly,1991-2020
CanSIPS,CanSIPS-CanESM5,dynamical,2026-03-31,2026-10,7,0.2918,ens_018,monthly,1991-2020
CanSIPS,CanSIPS-CanESM5,dynamical,2026-03-31,2026-10,7,0.3257,ens_019,monthly,1991-2020
CanSIPS,CanSIPS-CanESM5,dynamical,2026-03-31,2026-10,7,1.0731,ens_020,monthly,1991-2020
CanSIPS,CanSIPS-GEM-NEMO,dynamical,2026-03-31,2026-10,7,2.4054,ens_021,monthly,1991-2020
CanSIPS,CanSIPS-GEM-NEMO,dynamical,2026-03-31,2026-10,7,2.1671,ens_022,monthly,1991-2020
CanSIPS,CanSIPS-GEM-NEMO,dynamical,2026-03-31,2026-10,7,2.1073,ens_023,monthly,1991-2020
CanSIPS,CanSIPS-GEM-NEMO,dynamical,2026-03-31,2026-10,7,1.5434,ens_024,monthly,1991-2020
CanSIPS,CanSIPS-GEM-NEMO,dynamical,2026-03-31,2026-10,7,1.9646,ens_025,monthly,1991-2020
CanSIPS,CanSIPS-GEM-NEMO,dynamical,2026-03-31,2026-10,7,1.9275,ens_026,monthly,1991-2020
CanSIPS,CanSIPS-GEM-NEMO,dynamical,2026-03-31,2026-10,7,2.31,ens_027,monthly,1991-2020
CanSIPS,CanSIPS-GEM-NEMO,dynamical,2026-03-31,2026-10,7,1.8503,ens_028,monthly,1991-2020
CanSIPS,CanSIPS-GEM-NEMO,dynamical,2026-03-31,2026-10,7,2.1358,ens_029,monthly,1991-2020
CanSIPS,CanSIPS-GEM-NEMO,dynamical,2026-03-31,2026-10,7,2.3877,ens_030,monthly,1991-2020
CanSIPS,CanSIPS-GEM-NEMO,dynamical,2026-03-31,2026-10,7,1.4091,ens_031,monthly,1991-2020
CanSIPS,CanSIPS-GEM-NEMO,dynamical,2026-03-31,2026-10,7,1.745,ens_032,monthly,1991-2020
CanSIPS,CanSIPS-GEM-NEMO,dynamical,2026-03-31,2026-10,7,2.2094,ens_033,monthly,1991-2020
CanSIPS,CanSIPS-GEM-NEMO,dynamical,2026-03-31,2026-10,7,2.5416,ens_034,monthly,1991-2020
CanSIPS,CanSIPS-GEM-NEMO,dynamical,2026-03-31,2026-10,7,2.0978,ens_035,monthly,1991-2020
CanSIPS,CanSIPS-GEM-NEMO,dynamical,2026-03-31,2026-10,7,1.8598,ens_036,monthly,1991-2020
CanSIPS,CanSIPS-GEM-NEMO,dynamical,2026-03-31,2026-10,7,1.7516,ens_037,monthly,1991-2020
CanSIPS,CanSIPS-GEM-NEMO,dynamical,2026-03-31,2026-10,7,2.0706,ens_038,monthly,1991-2020
CanSIPS,CanSIPS-GEM-NEMO,dynamical,2026-03-31,2026-10,7,2.451,ens_039,monthly,1991-2020
CanSIPS,CanSIPS-GEM-NEMO,dynamical,2026-03-31,2026-10,7,2.2373,ens_040,monthly,1991-2020
CanSIPS,CanSIPS-CanESM5,dynamical,2026-03-31,2026-11,8,0.7205,ens_001,monthly,1991-2020
CanSIPS,CanSIPS-CanESM5,dynamical,2026-03-31,2026-11,8,0.3792,ens_002,monthly,1991-2020
CanSIPS,CanSIPS-CanESM5,dynamical,2026-03-31,2026-11,8,0.078,ens_003,monthly,1991-2020
CanSIPS,CanSIPS-CanESM5,dynamical,2026-03-31,2026-11,8,1.3168,ens_004,monthly,1991-2020
CanSIPS,CanSIPS-CanESM5,dynamical,2026-03-31,2026-11,8,1.3667,ens_005,monthly,1991-2020
CanSIPS,CanSIPS-CanESM5,dynamical,2026-03-31,2026-11,8,1.4228,ens_006,monthly,1991-2020
CanSIPS,CanSIPS-CanESM5,dynamical,2026-03-31,2026-11,8,1.5042,ens_007,monthly,1991-2020
CanSIPS,CanSIPS-CanESM5,dynamical,2026-03-31,2026-11,8,1.1268,ens_008,monthly,1991-2020
CanSIPS,CanSIPS-CanESM5,dynamical,2026-03-31,2026-11,8,1.2278,ens_009,monthly,1991-2020
CanSIPS,CanSIPS-CanESM5,dynamical,2026-03-31,2026-11,8,1.0942,ens_010,monthly,1991-2020
CanSIPS,CanSIPS-CanESM5,dynamical,2026-03-31,2026-11,8,1.0263,ens_011,monthly,1991-2020
CanSIPS,CanSIPS-CanESM5,dynamical,2026-03-31,2026-11,8,1.2041,ens_012,monthly,1991-2020
CanSIPS,CanSIPS-CanESM5,dynamical,2026-03-31,2026-11,8,0.6172,ens_013,monthly,1991-2020
CanSIPS,CanSIPS-CanESM5,dynamical,2026-03-31,2026-11,8,0.1192,ens_014,monthly,1991-2020
CanSIPS,CanSIPS-CanESM5,dynamical,2026-03-31,2026-11,8,1.0478,ens_015,monthly,1991-2020
CanSIPS,CanSIPS-CanESM5,dynamical,2026-03-31,2026-11,8,1.1456,ens_016,monthly,1991-2020
CanSIPS,CanSIPS-CanESM5,dynamical,2026-03-31,2026-11,8,0.1929,ens_017,monthly,1991-2020
CanSIPS,CanSIPS-CanESM5,dynamical,2026-03-31,2026-11,8,0.3604,ens_018,monthly,1991-2020
CanSIPS,CanSIPS-CanESM5,dynamical,2026-03-31,2026-11,8,0.4472,ens_019,monthly,1991-2020
CanSIPS,CanSIPS-CanESM5,dynamical,2026-03-31,2026-11,8,1.0928,ens_020,monthly,1991-2020
CanSIPS,CanSIPS-GEM-NEMO,dynamical,2026-03-31,2026-11,8,2.7065,ens_021,monthly,1991-2020
CanSIPS,CanSIPS-GEM-NEMO,dynamical,2026-03-31,2026-11,8,2.4864,ens_022,monthly,1991-2020
CanSIPS,CanSIPS-GEM-NEMO,dynamical,2026-03-31,2026-11,8,2.2215,ens_023,monthly,1991-2020
CanSIPS,CanSIPS-GEM-NEMO,dynamical,2026-03-31,2026-11,8,1.7976,ens_024,monthly,1991-2020
CanSIPS,CanSIPS-GEM-NEMO,dynamical,2026-03-31,2026-11,8,2.1334,ens_025,monthly,1991-2020
CanSIPS,CanSIPS-GEM-NEMO,dynamical,2026-03-31,2026-11,8,1.9812,ens_026,monthly,1991-2020
CanSIPS,CanSIPS-GEM-NEMO,dynamical,2026-03-31,2026-11,8,2.525,ens_027,monthly,1991-2020
CanSIPS,CanSIPS-GEM-NEMO,dynamical,2026-03-31,2026-11,8,1.9322,ens_028,monthly,1991-2020
CanSIPS,CanSIPS-GEM-NEMO,dynamical,2026-03-31,2026-11,8,2.3079,ens_029,monthly,1991-2020
CanSIPS,CanSIPS-GEM-NEMO,dynamical,2026-03-31,2026-11,8,2.7965,ens_030,monthly,1991-2020
CanSIPS,CanSIPS-GEM-NEMO,dynamical,2026-03-31,2026-11,8,1.584,ens_031,monthly,1991-2020
CanSIPS,CanSIPS-GEM-NEMO,dynamical,2026-03-31,2026-11,8,1.9533,ens_032,monthly,1991-2020
CanSIPS,CanSIPS-GEM-NEMO,dynamical,2026-03-31,2026-11,8,2.282,ens_033,monthly,1991-2020
CanSIPS,CanSIPS-GEM-NEMO,dynamical,2026-03-31,2026-11,8,2.665,ens_034,monthly,1991-2020
CanSIPS,CanSIPS-GEM-NEMO,dynamical,2026-03-31,2026-11,8,2.2711,ens_035,monthly,1991-2020
CanSIPS,CanSIPS-GEM-NEMO,dynamical,2026-03-31,2026-11,8,2.0336,ens_036,monthly,1991-2020
CanSIPS,CanSIPS-GEM-NEMO,dynamical,2026-03-31,2026-11,8,1.9772,ens_037,monthly,1991-2020
CanSIPS,CanSIPS-GEM-NEMO,dynamical,2026-03-31,2026-11,8,2.251,ens_038,monthly,1991-2020
CanSIPS,CanSIPS-GEM-NEMO,dynamical,2026-03-31,2026-11,8,2.5727,ens_039,monthly,1991-2020
CanSIPS,CanSIPS-GEM-NEMO,dynamical,2026-03-31,2026-11,8,2.4315,ens_040,monthly,1991-2020
CanSIPS,CanSIPS-CanESM5,dynamical,2026-03-31,2026-12,9,0.8042,ens_001,monthly,1991-2020
CanSIPS,CanSIPS-CanESM5,dynamical,2026-03-31,2026-12,9,0.4369,ens_002,monthly,1991-2020
CanSIPS,CanSIPS-CanESM5,dynamical,2026-03-31,2026-12,9,-0.1934,ens_003,monthly,1991-2020
CanSIPS,CanSIPS-CanESM5,dynamical,2026-03-31,2026-12,9,1.1849,ens_004,monthly,1991-2020
CanSIPS,CanSIPS-CanESM5,dynamical,2026-03-31,2026-12,9,1.2611,ens_005,monthly,1991-2020
CanSIPS,CanSIPS-CanESM5,dynamical,2026-03-31,2026-12,9,1.5795,ens_006,monthly,1991-2020
CanSIPS,CanSIPS-CanESM5,dynamical,2026-03-31,2026-12,9,1.6647,ens_007,monthly,1991-2020
CanSIPS,CanSIPS-CanESM5,dynamical,2026-03-31,2026-12,9,1.2504,ens_008,monthly,1991-2020
CanSIPS,CanSIPS-CanESM5,dynamical,2026-03-31,2026-12,9,1.2585,ens_009,monthly,1991-2020
CanSIPS,CanSIPS-CanESM5,dynamical,2026-03-31,2026-12,9,1.2756,ens_010,monthly,1991-2020
CanSIPS,CanSIPS-CanESM5,dynamical,2026-03-31,2026-12,9,0.9757,ens_011,monthly,1991-2020
CanSIPS,CanSIPS-CanESM5,dynamical,2026-03-31,2026-12,9,1.2671,ens_012,monthly,1991-2020
CanSIPS,CanSIPS-CanESM5,dynamical,2026-03-31,2026-12,9,0.4918,ens_013,monthly,1991-2020
CanSIPS,CanSIPS-CanESM5,dynamical,2026-03-31,2026-12,9,-0.1113,ens_014,monthly,1991-2020
CanSIPS,CanSIPS-CanESM5,dynamical,2026-03-31,2026-12,9,1.1955,ens_015,monthly,1991-2020
CanSIPS,CanSIPS-CanESM5,dynamical,2026-03-31,2026-12,9,1.0933,ens_016,monthly,1991-2020
CanSIPS,CanSIPS-CanESM5,dynamical,2026-03-31,2026-12,9,0.0471,ens_017,monthly,1991-2020
CanSIPS,CanSIPS-CanESM5,dynamical,2026-03-31,2026-12,9,0.1522,ens_018,monthly,1991-2020
CanSIPS,CanSIPS-CanESM5,dynamical,2026-03-31,2026-12,9,0.5084,ens_019,monthly,1991-2020
CanSIPS,CanSIPS-CanESM5,dynamical,2026-03-31,2026-12,9,1.0461,ens_020,monthly,1991-2020
CanSIPS,CanSIPS-GEM-NEMO,dynamical,2026-03-31,2026-12,9,2.7394,ens_021,monthly,1991-2020
CanSIPS,CanSIPS-GEM-NEMO,dynamical,2026-03-31,2026-12,9,2.6266,ens_022,monthly,1991-2020
CanSIPS,CanSIPS-GEM-NEMO,dynamical,2026-03-31,2026-12,9,2.4232,ens_023,monthly,1991-2020
CanSIPS,CanSIPS-GEM-NEMO,dynamical,2026-03-31,2026-12,9,1.9304,ens_024,monthly,1991-2020
CanSIPS,CanSIPS-GEM-NEMO,dynamical,2026-03-31,2026-12,9,2.2627,ens_025,monthly,1991-2020
CanSIPS,CanSIPS-GEM-NEMO,dynamical,2026-03-31,2026-12,9,2.1802,ens_026,monthly,1991-2020
CanSIPS,CanSIPS-GEM-NEMO,dynamical,2026-03-31,2026-12,9,2.6343,ens_027,monthly,1991-2020
CanSIPS,CanSIPS-GEM-NEMO,dynamical,2026-03-31,2026-12,9,2.1019,ens_028,monthly,1991-2020
CanSIPS,CanSIPS-GEM-NEMO,dynamical,2026-03-31,2026-12,9,2.3717,ens_029,monthly,1991-2020
CanSIPS,CanSIPS-GEM-NEMO,dynamical,2026-03-31,2026-12,9,2.9247,ens_030,monthly,1991-2020
CanSIPS,CanSIPS-GEM-NEMO,dynamical,2026-03-31,2026-12,9,1.7984,ens_031,monthly,1991-2020
CanSIPS,CanSIPS-GEM-NEMO,dynamical,2026-03-31,2026-12,9,2.101,ens_032,monthly,1991-2020
CanSIPS,CanSIPS-GEM-NEMO,dynamical,2026-03-31,2026-12,9,2.366,ens_033,monthly,1991-2020
CanSIPS,CanSIPS-GEM-NEMO,dynamical,2026-03-31,2026-12,9,3.0487,ens_034,monthly,1991-2020
CanSIPS,CanSIPS-GEM-NEMO,dynamical,2026-03-31,2026-12,9,2.3158,ens_035,monthly,1991-2020
CanSIPS,CanSIPS-GEM-NEMO,dynamical,2026-03-31,2026-12,9,2.1085,ens_036,monthly,1991-2020
CanSIPS,CanSIPS-GEM-NEMO,dynamical,2026-03-31,2026-12,9,2.0223,ens_037,monthly,1991-2020
CanSIPS,CanSIPS-GEM-NEMO,dynamical,2026-03-31,2026-12,9,2.5331,ens_038,monthly,1991-2020
CanSIPS,CanSIPS-GEM-NEMO,dynamical,2026-03-31,2026-12,9,2.6715,ens_039,monthly,1991-2020
CanSIPS,CanSIPS-GEM-NEMO,dynamical,2026-03-31,2026-12,9,2.4516,ens_040,monthly,1991-2020
CanSIPS,CanSIPS-CanESM5,dynamical,2026-03-31,2027-01,10,0.8255,ens_001,monthly,1991-2020
CanSIPS,CanSIPS-CanESM5,dynamical,2026-03-31,2027-01,10,0.2576,ens_002,monthly,1991-2020
CanSIPS,CanSIPS-CanESM5,dynamical,2026-03-31,2027-01,10,-0.2001,ens_003,monthly,1991-2020
CanSIPS,CanSIPS-CanESM5,dynamical,2026-03-31,2027-01,10,1.2038,ens_004,monthly,1991-2020
CanSIPS,CanSIPS-CanESM5,dynamical,2026-03-31,2027-01,10,1.124,ens_005,monthly,1991-2020
CanSIPS,CanSIPS-CanESM5,dynamical,2026-03-31,2027-01,10,1.6414,ens_006,monthly,1991-2020
CanSIPS,CanSIPS-CanESM5,dynamical,2026-03-31,2027-01,10,1.5391,ens_007,monthly,1991-2020
CanSIPS,CanSIPS-CanESM5,dynamical,2026-03-31,2027-01,10,1.14,ens_008,monthly,1991-2020
CanSIPS,CanSIPS-CanESM5,dynamical,2026-03-31,2027-01,10,1.2082,ens_009,monthly,1991-2020
CanSIPS,CanSIPS-CanESM5,dynamical,2026-03-31,2027-01,10,1.1167,ens_010,monthly,1991-2020
CanSIPS,CanSIPS-CanESM5,dynamical,2026-03-31,2027-01,10,0.8893,ens_011,monthly,1991-2020
CanSIPS,CanSIPS-CanESM5,dynamical,2026-03-31,2027-01,10,1.078,ens_012,monthly,1991-2020
CanSIPS,CanSIPS-CanESM5,dynamical,2026-03-31,2027-01,10,0.2904,ens_013,monthly,1991-2020
CanSIPS,CanSIPS-CanESM5,dynamical,2026-03-31,2027-01,10,-0.2677,ens_014,monthly,1991-2020
CanSIPS,CanSIPS-CanESM5,dynamical,2026-03-31,2027-01,10,1.1677,ens_015,monthly,1991-2020
CanSIPS,CanSIPS-CanESM5,dynamical,2026-03-31,2027-01,10,0.8778,ens_016,monthly,1991-2020
CanSIPS,CanSIPS-CanESM5,dynamical,2026-03-31,2027-01,10,-0.0573,ens_017,monthly,1991-2020
CanSIPS,CanSIPS-CanESM5,dynamical,2026-03-31,2027-01,10,-0.102,ens_018,monthly,1991-2020
CanSIPS,CanSIPS-CanESM5,dynamical,2026-03-31,2027-01,10,0.5248,ens_019,monthly,1991-2020
CanSIPS,CanSIPS-CanESM5,dynamical,2026-03-31,2027-01,10,0.9769,ens_020,monthly,1991-2020
CanSIPS,CanSIPS-GEM-NEMO,dynamical,2026-03-31,2027-01,10,2.945,ens_021,monthly,1991-2020
CanSIPS,CanSIPS-GEM-NEMO,dynamical,2026-03-31,2027-01,10,2.6897,ens_022,monthly,1991-2020
CanSIPS,CanSIPS-GEM-NEMO,dynamical,2026-03-31,2027-01,10,2.6861,ens_023,monthly,1991-2020
CanSIPS,CanSIPS-GEM-NEMO,dynamical,2026-03-31,2027-01,10,2.0861,ens_024,monthly,1991-2020
CanSIPS,CanSIPS-GEM-NEMO,dynamical,2026-03-31,2027-01,10,2.4292,ens_025,monthly,1991-2020
CanSIPS,CanSIPS-GEM-NEMO,dynamical,2026-03-31,2027-01,10,2.2618,ens_026,monthly,1991-2020
CanSIPS,CanSIPS-GEM-NEMO,dynamical,2026-03-31,2027-01,10,2.7401,ens_027,monthly,1991-2020
CanSIPS,CanSIPS-GEM-NEMO,dynamical,2026-03-31,2027-01,10,2.1098,ens_028,monthly,1991-2020
CanSIPS,CanSIPS-GEM-NEMO,dynamical,2026-03-31,2027-01,10,2.2579,ens_029,monthly,1991-2020
CanSIPS,CanSIPS-GEM-NEMO,dynamical,2026-03-31,2027-01,10,3.0452,ens_030,monthly,1991-2020
CanSIPS,CanSIPS-GEM-NEMO,dynamical,2026-03-31,2027-01,10,1.8536,ens_031,monthly,1991-2020
CanSIPS,CanSIPS-GEM-NEMO,dynamical,2026-03-31,2027-01,10,2.3542,ens_032,monthly,1991-2020
CanSIPS,CanSIPS-GEM-NEMO,dynamical,2026-03-31,2027-01,10,2.2879,ens_033,monthly,1991-2020
CanSIPS,CanSIPS-GEM-NEMO,dynamical,2026-03-31,2027-01,10,3.2054,ens_034,monthly,1991-2020
CanSIPS,CanSIPS-GEM-NEMO,dynamical,2026-03-31,2027-01,10,2.3193,ens_035,monthly,1991-2020
CanSIPS,CanSIPS-GEM-NEMO,dynamical,2026-03-31,2027-01,10,2.2909,ens_036,monthly,1991-2020
CanSIPS,CanSIPS-GEM-NEMO,dynamical,2026-03-31,2027-01,10,2.1562,ens_037,monthly,1991-2020
CanSIPS,CanSIPS-GEM-NEMO,dynamical,2026-03-31,2027-01,10,2.3417,ens_038,monthly,1991-2020
CanSIPS,CanSIPS-GEM-NEMO,dynamical,2026-03-31,2027-01,10,2.5394,ens_039,monthly,1991-2020
CanSIPS,CanSIPS-GEM-NEMO,dynamical,2026-03-31,2027-01,10,2.5663,ens_040,monthly,1991-2020
CanSIPS,CanSIPS-CanESM5,dynamical,2026-03-31,2027-02,11,0.8728,ens_001,monthly,1991-2020
CanSIPS,CanSIPS-CanESM5,dynamical,2026-03-31,2027-02,11,0.1099,ens_002,monthly,1991-2020
CanSIPS,CanSIPS-CanESM5,dynamical,2026-03-31,2027-02,11,-0.0446,ens_003,monthly,1991-2020
CanSIPS,CanSIPS-CanESM5,dynamical,2026-03-31,2027-02,11,0.9557,ens_004,monthly,1991-2020
CanSIPS,CanSIPS-CanESM5,dynamical,2026-03-31,2027-02,11,0.934,ens_005,monthly,1991-2020
CanSIPS,CanSIPS-CanESM5,dynamical,2026-03-31,2027-02,11,1.4992,ens_006,monthly,1991-2020
CanSIPS,CanSIPS-CanESM5,dynamical,2026-03-31,2027-02,11,1.4514,ens_007,monthly,1991-2020
CanSIPS,CanSIPS-CanESM5,dynamical,2026-03-31,2027-02,11,1.0825,ens_008,monthly,1991-2020
CanSIPS,CanSIPS-CanESM5,dynamical,2026-03-31,2027-02,11,1.0864,ens_009,monthly,1991-2020
CanSIPS,CanSIPS-CanESM5,dynamical,2026-03-31,2027-02,11,0.9735,ens_010,monthly,1991-2020
CanSIPS,CanSIPS-CanESM5,dynamical,2026-03-31,2027-02,11,0.797,ens_011,monthly,1991-2020
CanSIPS,CanSIPS-CanESM5,dynamical,2026-03-31,2027-02,11,0.9874,ens_012,monthly,1991-2020
CanSIPS,CanSIPS-CanESM5,dynamical,2026-03-31,2027-02,11,0.1123,ens_013,monthly,1991-2020
CanSIPS,CanSIPS-CanESM5,dynamical,2026-03-31,2027-02,11,-0.1554,ens_014,monthly,1991-2020
CanSIPS,CanSIPS-CanESM5,dynamical,2026-03-31,2027-02,11,1.2291,ens_015,monthly,1991-2020
CanSIPS,CanSIPS-CanESM5,dynamical,2026-03-31,2027-02,11,0.6142,ens_016,monthly,1991-2020
CanSIPS,CanSIPS-CanESM5,dynamical,2026-03-31,2027-02,11,-0.0261,ens_017,monthly,1991-2020
CanSIPS,CanSIPS-CanESM5,dynamical,2026-03-31,2027-02,11,-0.5411,ens_018,monthly,1991-2020
CanSIPS,CanSIPS-CanESM5,dynamical,2026-03-31,2027-02,11,0.4118,ens_019,monthly,1991-2020
CanSIPS,CanSIPS-CanESM5,dynamical,2026-03-31,2027-02,11,0.8357,ens_020,monthly,1991-2020
CanSIPS,CanSIPS-GEM-NEMO,dynamical,2026-03-31,2027-02,11,2.9406,ens_021,monthly,1991-2020
CanSIPS,CanSIPS-GEM-NEMO,dynamical,2026-03-31,2027-02,11,2.6774,ens_022,monthly,1991-2020
CanSIPS,CanSIPS-GEM-NEMO,dynamical,2026-03-31,2027-02,11,2.6047,ens_023,monthly,1991-2020
CanSIPS,CanSIPS-GEM-NEMO,dynamical,2026-03-31,2027-02,11,2.2321,ens_024,monthly,1991-2020
CanSIPS,CanSIPS-GEM-NEMO,dynamical,2026-03-31,2027-02,11,2.5379,ens_025,monthly,1991-2020
CanSIPS,CanSIPS-GEM-NEMO,dynamical,2026-03-31,2027-02,11,2.2908,ens_026,monthly,1991-2020
CanSIPS,CanSIPS-GEM-NEMO,dynamical,2026-03-31,2027-02,11,2.868,ens_027,monthly,1991-2020
CanSIPS,CanSIPS-GEM-NEMO,dynamical,2026-03-31,2027-02,11,2.2953,ens_028,monthly,1991-2020
CanSIPS,CanSIPS-GEM-NEMO,dynamical,2026-03-31,2027-02,11,2.24,ens_029,monthly,1991-2020
CanSIPS,CanSIPS-GEM-NEMO,dynamical,2026-03-31,2027-02,11,3.0594,ens_030,monthly,1991-2020
CanSIPS,CanSIPS-GEM-NEMO,dynamical,2026-03-31,2027-02,11,2.0483,ens_031,monthly,1991-2020
CanSIPS,CanSIPS-GEM-NEMO,dynamical,2026-03-31,2027-02,11,2.5185,ens_032,monthly,1991-2020
CanSIPS,CanSIPS-GEM-NEMO,dynamical,2026-03-31,2027-02,11,2.2048,ens_033,monthly,1991-2020
CanSIPS,CanSIPS-GEM-NEMO,dynamical,2026-03-31,2027-02,11,3.1025,ens_034,monthly,1991-2020
CanSIPS,CanSIPS-GEM-NEMO,dynamical,2026-03-31,2027-02,11,2.3144,ens_035,monthly,1991-2020
CanSIPS,CanSIPS-GEM-NEMO,dynamical,2026-03-31,2027-02,11,2.4341,ens_036,monthly,1991-2020
CanSIPS,CanSIPS-GEM-NEMO,dynamical,2026-03-31,2027-02,11,2.2971,ens_037,monthly,1991-2020
CanSIPS,CanSIPS-GEM-NEMO,dynamical,2026-03-31,2027-02,11,2.1598,ens_038,monthly,1991-2020
CanSIPS,CanSIPS-GEM-NEMO,dynamical,2026-03-31,2027-02,11,2.5323,ens_039,monthly,1991-2020
CanSIPS,CanSIPS-GEM-NEMO,dynamical,2026-03-31,2027-02,11,2.6563,ens_040,monthly,1991-2020
CanSIPS,CanSIPS-CanESM5,dynamical,2026-03-31,2027-03,12,0.5418,ens_001,monthly,1991-2020
CanSIPS,CanSIPS-CanESM5,dynamical,2026-03-31,2027-03,12,-0.2015,ens_002,monthly,1991-2020
CanSIPS,CanSIPS-CanESM5,dynamical,2026-03-31,2027-03,12,-0.4408,ens_003,monthly,1991-2020
CanSIPS,CanSIPS-CanESM5,dynamical,2026-03-31,2027-03,12,0.6454,ens_004,monthly,1991-2020
CanSIPS,CanSIPS-CanESM5,dynamical,2026-03-31,2027-03,12,0.7611,ens_005,monthly,1991-2020
CanSIPS,CanSIPS-CanESM5,dynamical,2026-03-31,2027-03,12,1.2146,ens_006,monthly,1991-2020
CanSIPS,CanSIPS-CanESM5,dynamical,2026-03-31,2027-03,12,1.0412,ens_007,monthly,1991-2020
CanSIPS,CanSIPS-CanESM5,dynamical,2026-03-31,2027-03,12,0.9864,ens_008,monthly,1991-2020
CanSIPS,CanSIPS-CanESM5,dynamical,2026-03-31,2027-03,12,0.6915,ens_009,monthly,1991-2020
CanSIPS,CanSIPS-CanESM5,dynamical,2026-03-31,2027-03,12,0.8004,ens_010,monthly,1991-2020
CanSIPS,CanSIPS-CanESM5,dynamical,2026-03-31,2027-03,12,0.6634,ens_011,monthly,1991-2020
CanSIPS,CanSIPS-CanESM5,dynamical,2026-03-31,2027-03,12,0.563,ens_012,monthly,1991-2020
CanSIPS,CanSIPS-CanESM5,dynamical,2026-03-31,2027-03,12,-0.1327,ens_013,monthly,1991-2020
CanSIPS,CanSIPS-CanESM5,dynamical,2026-03-31,2027-03,12,-0.2087,ens_014,monthly,1991-2020
CanSIPS,CanSIPS-CanESM5,dynamical,2026-03-31,2027-03,12,1.1685,ens_015,monthly,1991-2020
CanSIPS,CanSIPS-CanESM5,dynamical,2026-03-31,2027-03,12,0.3732,ens_016,monthly,1991-2020
CanSIPS,CanSIPS-CanESM5,dynamical,2026-03-31,2027-03,12,-0.2708,ens_017,monthly,1991-2020
CanSIPS,CanSIPS-CanESM5,dynamical,2026-03-31,2027-03,12,-0.6804,ens_018,monthly,1991-2020
CanSIPS,CanSIPS-CanESM5,dynamical,2026-03-31,2027-03,12,0.4179,ens_019,monthly,1991-2020
CanSIPS,CanSIPS-CanESM5,dynamical,2026-03-31,2027-03,12,0.4552,ens_020,monthly,1991-2020
CanSIPS,CanSIPS-GEM-NEMO,dynamical,2026-03-31,2027-03,12,2.7856,ens_021,monthly,1991-2020
CanSIPS,CanSIPS-GEM-NEMO,dynamical,2026-03-31,2027-03,12,2.8337,ens_022,monthly,1991-2020
CanSIPS,CanSIPS-GEM-NEMO,dynamical,2026-03-31,2027-03,12,2.6311,ens_023,monthly,1991-2020
CanSIPS,CanSIPS-GEM-NEMO,dynamical,2026-03-31,2027-03,12,2.5667,ens_024,monthly,1991-2020
CanSIPS,CanSIPS-GEM-NEMO,dynamical,2026-03-31,2027-03,12,2.476,ens_025,monthly,1991-2020
CanSIPS,CanSIPS-GEM-NEMO,dynamical,2026-03-31,2027-03,12,2.3202,ens_026,monthly,1991-2020
CanSIPS,CanSIPS-GEM-NEMO,dynamical,2026-03-31,2027-03,12,2.989,ens_027,monthly,1991-2020
CanSIPS,CanSIPS-GEM-NEMO,dynamical,2026-03-31,2027-03,12,2.7183,ens_028,monthly,1991-2020
CanSIPS,CanSIPS-GEM-NEMO,dynamical,2026-03-31,2027-03,12,1.9713,ens_029,monthly,1991-2020
CanSIPS,CanSIPS-GEM-NEMO,dynamical,2026-03-31,2027-03,12,3.104,ens_030,monthly,1991-2020
CanSIPS,CanSIPS-GEM-NEMO,dynamical,2026-03-31,2027-03,12,2.1685,ens_031,monthly,1991-2020
CanSIPS,CanSIPS-GEM-NEMO,dynamical,2026-03-31,2027-03,12,2.8873,ens_032,monthly,1991-2020
CanSIPS,CanSIPS-GEM-NEMO,dynamical,2026-03-31,2027-03,12,2.2905,ens_033,monthly,1991-2020
CanSIPS,CanSIPS-GEM-NEMO,dynamical,2026-03-31,2027-03,12,3.2469,ens_034,monthly,1991-2020
CanSIPS,CanSIPS-GEM-NEMO,dynamical,2026-03-31,2027-03,12,2.3233,ens_035,monthly,1991-2020
CanSIPS,CanSIPS-GEM-NEMO,dynamical,2026-03-31,2027-03,12,2.2574,ens_036,monthly,1991-2020
CanSIPS,CanSIPS-GEM-NEMO,dynamical,2026-03-31,2027-03,12,2.1343,ens_037,monthly,1991-2020
CanSIPS,CanSIPS-GEM-NEMO,dynamical,2026-03-31,2027-03,12,2.1646,ens_038,monthly,1991-2020
CanSIPS,CanSIPS-GEM-NEMO,dynamical,2026-03-31,2027-03,12,2.5889,ens_039,monthly,1991-2020
CanSIPS,CanSIPS-GEM-NEMO,dynamical,2026-03-31,2027-03,12,2.7537,ens_040,monthly,1991-2020
CanSIPS,CanSIPS-GEM-NEMO,dynamical,2026-03-31,2026-04,1,0.6955549999999999,mean,monthly,1991-2020
CanSIPS,CanSIPS-GEM-NEMO,dynamical,2026-03-31,2026-05,2,1.524875,mean,monthly,1991-2020
CanSIPS,CanSIPS-GEM-NEMO,dynamical,2026-03-31,2026-06,3,1.963015,mean,monthly,1991-2020
CanSIPS,CanSIPS-GEM-NEMO,dynamical,2026-03-31,2026-07,4,2.0633299999999997,mean,monthly,1991-2020
CanSIPS,CanSIPS-GEM-NEMO,dynamical,2026-03-31,2026-08,5,2.05644,mean,monthly,1991-2020
CanSIPS,CanSIPS-GEM-NEMO,dynamical,2026-03-31,2026-09,6,2.035625,mean,monthly,1991-2020
CanSIPS,CanSIPS-GEM-NEMO,dynamical,2026-03-31,2026-10,7,2.058615,mean,monthly,1991-2020
CanSIPS,CanSIPS-GEM-NEMO,dynamical,2026-03-31,2026-11,8,2.2454799999999997,mean,monthly,1991-2020
CanSIPS,CanSIPS-GEM-NEMO,dynamical,2026-03-31,2026-12,9,2.3806000000000003,mean,monthly,1991-2020
CanSIPS,CanSIPS-GEM-NEMO,dynamical,2026-03-31,2027-01,10,2.45829,mean,monthly,1991-2020
CanSIPS,CanSIPS-GEM-NEMO,dynamical,2026-03-31,2027-02,11,2.500715,mean,monthly,1991-2020
CanSIPS,CanSIPS-GEM-NEMO,dynamical,2026-03-31,2027-03,12,2.560565,mean,monthly,1991-2020
CanSIPS,CanSIPS-CanESM5,dynamical,2026-03-31,2026-04,1,0.14443,mean,monthly,1991-2020
CanSIPS,CanSIPS-CanESM5,dynamical,2026-03-31,2026-05,2,0.275125,mean,monthly,1991-2020
CanSIPS,CanSIPS-CanESM5,dynamical,2026-03-31,2026-06,3,0.536985,mean,monthly,1991-2020
CanSIPS,CanSIPS-CanESM5,dynamical,2026-03-31,2026-07,4,0.736675,mean,monthly,1991-2020
CanSIPS,CanSIPS-CanESM5,dynamical,2026-03-31,2026-08,5,0.72355,mean,monthly,1991-2020
CanSIPS,CanSIPS-CanESM5,dynamical,2026-03-31,2026-09,6,0.684375,mean,monthly,1991-2020
CanSIPS,CanSIPS-CanESM5,dynamical,2026-03-31,2026-10,7,0.74139,mean,monthly,1991-2020
CanSIPS,CanSIPS-CanESM5,dynamical,2026-03-31,2026-11,8,0.874525,mean,monthly,1991-2020
CanSIPS,CanSIPS-CanESM5,dynamical,2026-03-31,2026-12,9,0.859415,mean,monthly,1991-2020
CanSIPS,CanSIPS-CanESM5,dynamical,2026-03-31,2027-01,10,0.761705,mean,monthly,1991-2020
CanSIPS,CanSIPS-CanESM5,dynamical,2026-03-31,2027-02,11,0.659285,mean,monthly,1991-2020
CanSIPS,CanSIPS-CanESM5,dynamical,2026-03-31,2027-03,12,0.419435,mean,monthly,1991-2020
